state,area,pincode
Assam,2 No Bokanala,787032
Assam,Adarsha Deurigaon,785676
Assam,Adi Alengi Satra,787054
Assam,Aghunibari,786613
Assam,Ahomoni,787052
Assam,Akajan Bormuria,787059
Assam,Aktai,787110
Assam,Alimur,786101
Assam,Amtola Jaintpur,787052
Assam,Anandapara,786692
Assam,Angerkhowa,787031
Assam,Aradhal,787057
Assam,Arimora Tiniali,784165
Assam,Ashabam,786621
Assam,Assam Medical College,786002
Assam,Azad,787031
Assam,Bachapathar,786101
Assam,Badati,784161
Assam,Badhakhara,787032
Assam,Bahadurchuk,787031
Assam,Bahgora Deurigaon,784161
Assam,Bahpara,787055
Assam,Bairagimath,786003
Assam,Baji Pohumara,786613
Assam,Balai Nagaon,785676
Assam,Balaibari,786007
Assam,Baligaon,785676
Assam,Balijan North Te,786184
Assam,Balimora,786610
Assam,Bam Kolakhowa,786007
Assam,Bamunbari,786613
Assam,Bamunibill,786610
Assam,Banipur,786003
Assam,Barbali,784163
Assam,Barbam,786611
Assam,Barbaruah,786007
Assam,Barkhamukh,787055
Assam,Barpathar,786004
Assam,Barpathar Gaon,785676
Assam,Batamari Tiniali,787053
Assam,Batgharia,787057
Assam,Batuamukh,787110
Assam,Bauli,787057
Assam,Begumgaon,787055
Assam,Behating Tiniali,786004
Assam,Bengenagarah,787058
Assam,Betanipam,787059
Assam,Bhadoi Pachali,786191
Assam,Bhagwan,787059
Assam,Bhajoni,786103
Assam,Bhatowkuchi,784165
Assam,Bhebeli Gaon,787110
Assam,Bhimpara Balijan,787032
Assam,Bhogamurgaon,785676
Assam,Bhogpur Chariali,787033
Assam,Bholabari,787033
Assam,Bhurburi,786003
Assam,Bihupuria,784161
Assam,Bilmukh,787053
Assam,Bishnupur,787057
Assam,Bismile,786184
Assam,Bogadat,786612
Assam,Bogibil,786004
Assam,Boginadi,787032
Assam,Bogolijan,787031
Assam,Bokul,786010
Assam,Bokulguri,787055
Assam,Bokuloni Chariali,786191
Assam,Bongalchuk,787023
Assam,Bonpuroi,784165
Assam,Bor Alengi Satra,787054
Assam,Borabhayapuri,786103
Assam,Borachira Gaon,787057
Assam,Borbamgaon,786610
Assam,Bordeurigaon,784164
Assam,Bordoibam,787053
Assam,Bordoloni,787026
Assam,Borgaya Khagori,787031
Assam,Borkhelia,787032
Assam,Borkhermia,786621
Assam,Borlung,787057
Assam,Bormuriachuk,787031
Assam,Borpathar,786613
Assam,Borshala,787023
Assam,Budhbazar,787031
Assam,Bulakata,787057
Assam,Buri Khowang,785675
Assam,Burisuti,787110
Assam,Cementmukh,787059
Assam,Central Revenue Building,786003
Assam,Chaboti,787051
Assam,Chabua Air Field,786102
Assam,Chabua,786184
Assam,Chaharikata,785676
Assam,Charaimoria,787032
Assam,Chaulkhowa,786004
Assam,Chenibill Chungipathar,786103
Assam,Chetia Gaon,786184
Assam,Chiringhula,786010
Assam,Chowkidingee,786003
Assam,Dangopara Chariali,786611
Assam,Daulatpur,787054
Assam,Dejoo Te,787031
Assam,Dekapam,787061
Assam,Demow Chariali,787059
Assam,Deotala,787033
Assam,Desam,786610
Assam,Deuliagaon,787053
Assam,Deuribarbam,787026
Assam,Deurigaon,786007
Assam,Dhakuakhana,787055
Assam,Dhalpur,784165
Assam,Dhamalgaon,786004
Assam,Dhaman,786610
Assam,Dharmagarh Sevashram,784165
Assam,Dharmapur,784160
Assam,Dhemaji,787057
Assam,Dhemechi,785675
Assam,Dhenukhana,787053
Assam,Dhuapathar,786611
Assam,Dhubabari,787058
Assam,Dhunaguri,787054
Assam,Dhunaguri Borgaya Deori Gaon,787110
Assam,Dibru Amguri,786610
Assam,Dibrugarh,786001
Assam,Dibrugarh Polytechnic,786010
Assam,Dibrugarh University,786004
Assam,Dighali Debera,787058
Assam,Dighalia,786101
Tripura,Abani Reangpara,799013
Tripura,Abhoyganj Bazar,799155
Tripura,Abhoynagar,799005
Tripura,Agartala Aerodrome,799009
Tripura,Agartala Bazar,799001
Tripura,Agartala College,799004
Tripura,Agartala Court,799001
Tripura,Agartala,799001
Tripura,Agartala ONGC,799014
Tripura,Agartala Secretariat,799010
Tripura,AgartalaGuard Post,799002
Tripura,Amarendranagar,799103
Tripura,Amarpur South Tripura,799101
Tripura,Amlighat,799143
Tripura,Ampinagar,799101
Tripura,Amtali,799130
Tripura,Anandanagar,799004
Tripura,Anandapur South Tripura,799157
Tripura,Aralia,799004
Tripura,Arundhutinagar,799003
Tripura,Ashigarh,799045
Tripura,Atharacord Colony,799045
Tripura,Badharghat,799003
Tripura,Bagabassa,799115
Tripura,Bagafa,799144
Tripura,Bagma ED,799114
Tripura,Bagmara,799103
Tripura,Baikhora,799144
Tripura,Baikunthapur,799211
Tripura,Baishnabpur,799145
Tripura,Baldakhal,799157
Tripura,Balubon,799212
Tripura,Bampur,799101
Tripura,Bamutia,799211
Tripura,Banamalipur,799007
Tripura,Bankumari E SB,799006
Tripura,Barbil,799104
Tripura,Bardwal,799115
Tripura,Barjala,799103
Tripura,Barjala,799002
Tripura,Barkathalia,799211
Tripura,Barpathari,799155
Tripura,Baspadua,799155
Tripura,Battali,799115
Tripura,Bazar Amtali,799105
Tripura,Bejimara,799131
Tripura,Belbari,799045
Tripura,Belonia aerodrome,799155
Tripura,Beloniya,799155
Tripura,Betaga,799144
Tripura,Bhabanipur,799131
Tripura,Bhattapukur,799003
Tripura,Bhuratali,799143
Tripura,Bijoynagar,799145
Tripura,Bijoynagar Bazar,799211
Tripura,Bimangarh,799015
Tripura,Birendranagar,799045
Tripura,Bishalgarh,799102
Tripura,Bishnupur,799143
Tripura,Bishramganj,799103
Tripura,Boalkhali,799104
Tripura,Bodhjungnagar,799210
Tripura,Border Rampur,799002
Tripura,Boxonagar,799102
Tripura,Brahman Puskarini,799210
Tripura,Brajapur,799102
Tripura,Brigudaspara,799045
Tripura,Burakha Landless Colony,799035
Tripura,Chachubazar,799211
Tripura,Chalitacherra,799145
Tripura,Champaknagar,799045
Tripura,Champamura Bazar,799130
Tripura,Chandigarh,799115
Tripura,Chandul,799105
Tripura,Charakbai,799142
Tripura,Charilam,799103
Tripura,Charipara,799003
Tripura,Chechrimile,799103
Tripura,Chechuajamatiabari,799101
Tripura,Chechuria,799210
Tripura,Chellagong,799101
Tripura,Chittamara,799155
Tripura,Chowmouhani,799115
Tripura,Dakshin Chandrapur,799013
Tripura,Dakshin Fulcherri,799143
Tripura,Dakshin Hichacherri,799141
Tripura,Dakshin Maharani,799013
Tripura,Dakshin Manubankul,799143
Tripura,Dakshin Sonaicharri,799155
Tripura,Dakshin taidu,799101
Tripura,Darogamura,799212
Tripura,Debbari,799101
Tripura,Debdaru Bazar,799141
Tripura,Debipur,799155
Tripura,Dhajanagar,799102
Tripura,Dhaleswar,799007
Tripura,Dhanlekha,799101
Tripura,Dhanpur,799131
Tripura,Dhupcherra,799004
Tripura,Dhuptali,799105
Tripura,Dimatali,799157
Tripura,Dinabandhupara,799035
Tripura,Doulbari,799145
Tripura,Dumburnagar,799104
Tripura,Durganagar,799035
Tripura,Durgapur,799131
Tripura,Durjaynagar,799009
Tripura,Durlavnarayan,799115
Tripura,East Bagabassa,799114
Tripura,East Bagafa,799144
Tripura,East Mirza,799105
Tripura,Fatikchhera,799210
Tripura,Fulkumari,799013
Tripura,G B Hospital,799006
Tripura,Gabordi,799004
Tripura,Gabtali,799157
Tripura,Gakulpur,799114
Tripura,Gamakubari,799101
Tripura,Gandhigram,799012
Tripura,Gangacherra,799125
Tripura,Garjanmura,799114
Tripura,Garjee,799125
Tripura,Gazaria,799102
Tripura,Ghorakappa,799104
Tripura,Golaghati,799102
Tripura,Goliraibari,799103
Tripura,Gomti Project,799104
Tripura,Guachand,799143
Tripura,Gurudas Colony,799045
Tripura,Hadra,799105
Tripura,Harbatali,799145
Tripura,Harendranagar T,799210
Tripura,Harina Bazar,799145
Tripura,Harishnagar T E,799102
Tripura,Holakhet,799013
Tripura,Hrishyamukh,799156
Tripura,Ichacherra,799105
Tripura,Indranagar,799006
Tripura,Induria,799131
Tripura,Ishanchandranagar,799003
Tripura,Ishanpur,799212
Tripura,Jaganath Bari Road,799001
Tripura,Jalaya,799104
Tripura,Jalefa Bazar,799145
Tripura,Jamjuri,799013
Tripura,Jampuijala,799102
Tripura,Jampuijala Colony,799102
Tripura,Janmejoynagar,799045
Tripura,Jatrapur,799131
Tripura,Jitendranagar,799105
Tripura,Joalikhamar,799013
Tripura,Jogendranagar,799004
Tripura,Jolaibari,799141
Tripura,Jumerdhepa,799115
Tripura,Kaiyadhepa,799102
Tripura,Kakraban,799105
Tripura,Kalabon,799125
Tripura,Kalacherra T E,799211
Tripura,Kalamcherra,799102
Tripura,Kalashi Bazar,799141
Tripura,Kalasimura,799102
Tripura,Kalikrishnagar,799131
Tripura,Kalkalia,799102
Tripura,Kalkalia T E,799211
Tripura,Kamalasagar,799102
Tripura,Kamalghat,799210
Tripura,Kamalnagar,799131
Tripura,Kamrangatali,799105
Tripura,Kanakraipara,799102
Tripura,Kanchanmala,799130
Tripura,Kanchannagar,799144
Tripura,Karbook,799104
Tripura,Kasari,799150
Tripura,Kathalbagan,799006
Tripura,Kathalcherri,799145
Tripura,Kathalia,799131
Tripura,Kathaliacherra,799144
Tripura,Kemtali,799115
Tripura,Kendraicherra,799102
Tripura,Khas Chowmouhani,799115
Tripura,Khasnoagaon,799008
Tripura,Khayerpur,799008
Tripura,Khedabari,799131
Tripura,Khilpara,799114
Tripura,Killarbazar,799114
Tripura,Kishoreganj,799105
Tripura,Konabon,799102
Tripura,Krishnagar,799002
Tripura,Krishnakishorenagar,799102
Tripura,Kulubari,799131
Tripura,Kunjaban,799006
Tripura,Kunjabon Road,799006
Tripura,Kupilong,799114
Tripura,Kurma,799101
Tripura,Kusumara,799105
Tripura,Kwaifunga,799141
Tripura,Laifunga,799210
Tripura,Lakshipati,799013
Tripura,Lakshmandhepa,799115
Tripura,Lalsingmura,799102
Tripura,Lankamura,799009
Tripura,Latiacherra,799103
Tripura,Laxmicherra,799144
Tripura,Lebacherra,799104
Tripura,Lembucherra,799210
Tripura,Lowgang,799144
Tripura,Ludhua,799145
Tripura,Ludhua Tea Estate,799145
Tripura,Madhabnagar,799156
Tripura,Madhuban,799003
Tripura,Madhuchoudhurypara,799211
Tripura,Madhupur,799102
Tripura,Madhya Pillak,799141
Tripura,Magurcherra,799143
Tripura,Maharani,799013
Tripura,Maheshpur,799131
Tripura,Mahuamillan,799101
Tripura,Majlishpur,799035
Tripura,Malbassa,799101
Tripura,Mandainagar,799045
Tripura,Manikya,799114
Tripura,Manpather,799144
Tripura,Manubazar,799143
Tripura,Mariamnagar,799008
Tripura,Matai,799155
Tripura,Matinagar,799131
Tripura,Mdhabbari,799045
Tripura,Meghlipara,799035
Tripura,Melaghar,799115
Tripura,Mnaipather,799131
Tripura,Mogpuskarini,799105
Tripura,Mohanbhog,799105
Tripura,Mohanpur West Tripura,799211
Tripura,Muhuri Ratanpur,799142
Tripura,Muhuripur,799142
Tripura,Murapara,799013
Tripura,Nabasantiganj Bazar,799102
Tripura,Nabinagar,799102
Tripura,Nagicherra,799004
Tripura,Nagrai,799101
Tripura,Nalchar,799115
Tripura,Nalua,799156
Tripura,Nandannagar,799006
Tripura,Narayanpur,799009
Tripura,Neepco,799008
Tripura,Nidya,799131
Tripura,Nirvaypur,799131
Tripura,NIT Agartala,799046
Tripura,No 2 Chandranagar,799102
Tripura,Noabadi,799045
Tripura,Noagaon Krishnagar,799006
Tripura,Nutannagar,799009
Tripura,Old Agartala,799008
Tripura,Padmanagar,799103
Tripura,Paharpur,799101
Tripura,Paikhola,799125
Tripura,Palatana,799105
Tripura,Palku,799101
Tripura,Pandavpur,799130
Tripura,Paschim Bhubanban,799002
Tripura,Paschim Champamur,799008
Tripura,Paschim Gokulnagar,799130
Tripura,Paschim Mogpuskarini,799105
Tripura,Paschim Noabadi,799008
Tripura,Paschim Paticherri Colony,799125
Tripura,Paschim Pillak,799141
Tripura,Paschim Pipariakhola,799155
Tripura,Pathaliaghat,799103
Tripura,Paticherri,799104
Tripura,Patnipara,799211
Tripura,Pitra Bazar,799114
Tripura,Pravapur,799130
Tripura,Promodenagar,799103
Tripura,Puran Kalibari,799002
Tripura,Puran Rajbari,799157
Tripura,Purathalrajnagar,799102
Tripura,Purba Gokulnagar,799102
Tripura,Purba Laxmi Bill,799102
Tripura,Purba Manikya Dewan,799104
Tripura,Purba Manu,799144
Tripura,Purba Noagaon,799035
Tripura,Purba Pratapgarh,799004
Tripura,Putia,799102
Tripura,Rabindranagar Colony,799131
Tripura,Rachakishoreganj,799144
Tripura,Radhakishorepur,799120
Tripura,Radhamohanpur,799045
Tripura,Radhanagar West Tripura,799153
Tripura,Raima,799104
Tripura,Raiyabari,799114
Tripura,Rajapur,799125
Tripura,Rajarbag,799114
Tripura,Rajnagar Colony,799114
Tripura,Rajnagar South Tripura,799150
Tripura,Ramachandranagar,799008
Tripura,Ramnagar Bazar,799103
Tripura,Ramnagar West Tripura,799002
Tripura,Rangamala Bazar,799103
Tripura,Rangamati,799101
Tripura,Rangamura,799153
Tripura,Rangkhang,799101
Tripura,Rani,799105
Tripura,Ranirbazar,799035
Tripura,Ranirkhamar,799003
Tripura,Rayermura,799130
Tripura,Renters Colony,799004
Tripura,Reshambagan,799008
Tripura,Rohimpur,799102
Tripura,Rokhia G T Project,799102
Tripura,Rudijala,799115
Tripura,Rupaicherri,799145
Tripura,S D Mission Colony,799003
Tripura,Sabroom,799145
Tripura,Sakbari,799141
Tripura,Salbagan,799012
Tripura,Salgara,799114
Tripura,Samarendraganj,799156
Tripura,Samukcherra,799105
Tripura,Sanchindranagar Colony,799045
Tripura,Sankumabari,799102
Tripura,Santirbazar,799144
Tripura,Sarasima,799155
Tripura,Sarbong,799101
Tripura,Satchand,799143
Tripura,Sekerkote,799130
Tripura,Sepahijala,799102
Tripura,Siddhi Ashram,799003
Tripura,Siddhinagar,799157
Tripura,Sidhai,799212
Tripura,Silacharri,799104
Tripura,Silghati,799105
Tripura,Simna,799212
Tripura,Simna Colony,799212
Tripura,Sindukpathar,799143
Tripura,Sonaicherri,799145
Tripura,Sonamani sepaipara,799035
Tripura,Sonamura,799131
Tripura,Sonaram Bazar,799212
Tripura,South Bharat Ch Nagar,799155
Tripura,South Charilam,799103
Tripura,South Krishnagar,799156
Tripura,South Nehalchandranagar,799102
Tripura,South srirampur,799157
Tripura,Srinagar,799143
Tripura,Srinagar Kacharipara,799004
Tripura,Subalsing,799211
Tripura,Subashnagar,799155
Tripura,Suknacherri,799104
Tripura,Sundartilla,799212
Tripura,Sutarmura,799102
Tripura,Taibandal,799105
Tripura,Taidubari,799101
Tripura,Tainani,799125
Tripura,Takarjala,799102
Tripura,Takmacherra,799125
Tripura,Taranagar,799211
Tripura,Tarapur,799211
Tripura,Tebaria,799015
Tripura,Tekkatulsi,799143
Tripura,Tekshapara,799103
Tripura,Telkajla,799115
Tripura,Tepania,799114
Tripura,Thakurcherra,799141
Tripura,Thamakari,799211
Tripura,Thelakum,799114
Tripura,Tirthamukh,799104
Tripura,Town pratapgarh,799004
Tripura,Town Rampur,799002
Tripura,Tripura University,799022
Tripura,Tripureswari Colony,799013
Tripura,Tuichama,799104
Tripura,Ujan Ghaniamara,799102
Tripura,Upendranagar,799105
Tripura,Urmai,799115
Tripura,Urrat Takmacherra,799144
Tripura,Uttar Bharat Ch Nagar,799155
Tripura,Uttar Brojendranagar,799114
Tripura,Uttar Chellagonj,799104
Tripura,Uttar Dasgharia,799212
Tripura,Uttar debendranagar,799211
Tripura,Uttar Debipur,799144
Tripura,Uttar Sonaicherri,799155
Tripura,Veluarchar,799102
Tripura,Viveknagar,799130
Tripura,Wakinagar,799035
Tripura,West Laxmibill,799102
Tripura,West Nalchar,799115
Tripura,Abhanga,799286
Tripura,Agagartilla,799201
Tripura,Agnipassa,799260
Tripura,Algapur,799253
Tripura,Ambassa,799289
Tripura,Amtilla,799261
Tripura,Anandabazar,799271
Tripura,Andharcherra,799263
Tripura,Apareshkar,799286
Tripura,Asharambari,799201
Tripura,Ataromura,799205
Tripura,Baburbazar,799281
Tripura,Bachaibari,799201
Tripura,Bagaicherri,799285
Tripura,Bagbassa,799253
Tripura,Baijalbari,799207
Tripura,Baithangbari,799254
Tripura,Bakbaki,799251
Tripura,Balarambazar,799204
Tripura,Balehar,799280
Tripura,Balicherra,799262
Tripura,Balidhum,799254
Tripura,Baligaon,799285
Tripura,Bamancherra,799286
Tripura,Banbazar,799201
Tripura,Baralutma,799286
Tripura,Barhaldi,799271
Tripura,Barmaidan Bazar,799203
Tripura,Barmura Project,799205
Tripura,Baruakandi,799251
Tripura,Bdelchedrra,799201
Tripura,Behalabari,799201
Tripura,Belianchief,799269
Tripura,Betcherra,799266
Tripura,Bhadrapally,799277
Tripura,Bhagabannagar,799279
Tripura,Bhagirathpara,799284
Tripura,Bhagyapur,799251
Tripura,Bharatsardarbari,799207
Tripura,Bhatisonaimuri,799264
Tripura,Bilthai,799260
Tripura,Bindulal Karbaripara,799273
Tripura,Birchandranagar,799280
Tripura,Brahmacherra,799205
Tripura,Brajendranagar,799261
Tripura,Bullongbassa,799284
Tripura,Chailengta,799273
Tripura,Chakmaghat,799205
Tripura,Champahaor,799201
Tripura,Chandipur,799277
Tripura,Chandraipara,799289
Tripura,Chandrapur North Tripura,799251
Tripura,Chankhala,799207
Tripura,Chantail,799279
Tripura,Chawmanu,799273
Tripura,Chebri,799207
Tripura,Chengkap,799286
Tripura,Chinibagan,799279
Tripura,Chotosarma,799285
Tripura,Churaibari,799262
Tripura,Dakshin Promode L L Colony,799203
Tripura,Dalapatipara,799284
Tripura,Dalugaon,799280
Tripura,Darchai,799264
Tripura,Dasdabazar,799271
Tripura,Demchedrra Colony,799275
Tripura,Dengdung,799288
Tripura,Deocherra,799260
Tripura,Deora Cherra,799279
Tripura,Dewanpassa,799254
Tripura,Dhanbilash,799280
Tripura,Dhanicherra,799263
Tripura,Dharmanagar Bazar,799253
Tripura,Dharmanagar College,799253
Tripura,Dharmanagar,799250
Tripura,Dhumacherra,799275
Tripura,Dhupirbond,799253
Tripura,Dighalbak,799251
Tripura,Dudhpur,799288
Tripura,Durgacherra,799273
Tripura,Durgapur,799203
Tripura,Dwarikapur,799203
Tripura,East Bachaibari,799201
Tripura,East Huruah,799253
Tripura,East Kamesawar,799253
Tripura,East Kanchanbari,799264
Tripura,East Masli,799275
Tripura,Emrapassa,799290
Tripura,Fatikcherra,799290
Tripura,Fatikroy,799290
Tripura,Fulbari,799262
Tripura,Fulcherri,799285
Tripura,Fultali,799280
Tripura,Gakulbari,799201
Tripura,Gakulnagar,799290
Tripura,Ganganagar,799290
Tripura,Ganganagar Tribalcolony,799289
Tripura,Ganki,799201
Tripura,Garchirampara,799271
Tripura,Garodtilla,799285
Tripura,Ghilatali,799203
Tripura,Gobindapur,799251
Tripura,Golabari,799205
Tripura,Goldharpur,799279
Tripura,Gouranga Tilla,799207
Tripura,Gournagar,799279
Tripura,Govidabari,799263
Tripura,Gulakpur T E,799277
Tripura,Hadrai,799205
Tripura,Halahali,799286
Tripura,Halflongcherra,799254
Tripura,Harincherra,799289
Tripura,Hiracherra,799281
Tripura,Hmungchuan,799269
Tripura,Hmunpui,799269
Tripura,Howaibari,799205
Tripura,Huruah,799251
Tripura,Ichabpur,799277
Tripura,Ichailalcherra,799251
Tripura,Ichaisonapur,799251
Tripura,Indurail,799260
Tripura,Irani,799281
Tripura,Jagabandhu Para,799284
Tripura,Jagannathpur,799280
Tripura,Jalabazar,799260
Tripura,Jalebassa,799260
Tripura,Jampui,799269
Tripura,Jamthing,799286
Tripura,Janata College,799260
Tripura,Jarulcherra,799275
Tripura,Joyasree,799270
Tripura,Jubarajnagar,799254
Tripura,Juri R F,799260
Tripura,Kacharicherra,799256
Tripura,Kachucherra,799278
Tripura,Kadamtala North Tripura,799261
Tripura,Kailashahar Air Port,799279
Tripura,Kailashahar,799277
Tripura,Kakrirpar,799253
Tripura,Kalacherra,799251
Tripura,Kalagangar Par,799261
Tripura,Kalagong,799269
Tripura,Kalapania,799271
Tripura,Kalishahan,799277
Tripura,Kalitilla,799205
Tripura,Kalyanpur West Tripura,799203
Tripura,Kalyanpur T E,799203
Tripura,Kamalacherra,799289
Tripura,Kamalpur Aerodrome,799287
Tripura,Kamalpur Bazar,799285
Tripura,Kamalpur Dhalai,799285
Tripura,Kameswargaon,799253
Tripura,Kanchanbari,799288
Tripura,Kanchancherra,799266
Tripura,Kanchanpur Colony,799289
Tripura,Kanchanpur North Tripura,799270
Tripura,Kangrai,799269
Tripura,Karaicherra,799263
Tripura,Karailong,799205
Tripura,Karamcherra,799266
Tripura,Karatichesdrra,799275
Tripura,Karingicherra,799201
Tripura,Karnamunipara,799289
Tripura,Katalutma,799286
Tripura,Khasiamangal,799205
Tripura,Khedacherra,799256
Tripura,Kheranjuri,799262
Tripura,Khowai Court,799202
Tripura,Khowai,799201
Tripura,Khowai T E,799201
Tripura,Kirtantali,799279
Tripura,Krishnapur,799253
Tripura,Krishnatilla,799263
Tripura,Kuchainala,799287
Tripura,Kulaibazar,799204
Tripura,Kumarghat,799264
Tripura,Kurit,799261
Tripura,Lakraichowdhuripara,799289
Tripura,Lalcherra Colony,799253
Tripura,Laldingabari,799273
Tripura,Laljuri,799270
Tripura,Laljuri East,799288
Tripura,Latiapur,799281
Tripura,Laxmipur,799284
Tripura,Longtharai,799275
Tripura,Machmara,799263
Tripura,Maharani Bus Stop,799278
Tripura,Maharanipur,799205
Tripura,Maigonga,799205
Tripura,Mainerma,799275
Tripura,Manikbhander,799287
Tripura,Manikpur,799273
Tripura,Manughat,799275
Tripura,Manuvelly,799277
Tripura,Maracherra,799285
Tripura,Masauli,799288
Tripura,Maslicherra,799275
Tripura,Mechuria,799278
Tripura,Mendihaor,799278
Tripura,Moharcherra,799203
Tripura,Mongtukupara,799205
Tripura,Nabakumar Rankhal Para,799205
Tripura,Nabincherra,799263
Tripura,Nagbangshi,799287
Tripura,Nalicherra,799204
Tripura,Nalkata,799263
Tripura,Narendranagar,799256
Tripura,Natinmanu,799273
Tripura,Nayapara N D,799251
Tripura,Nepaltilla,799288
Tripura,Netajinagar,799205
Tripura,Noagaon Bazar,799290
Tripura,Noagoan,799285
Tripura,Noorpur,799277
Tripura,North Padmabil,799260
Tripura,Notting Chedrra,799264
Tripura,Nunacherra,799205
Tripura,Pabiacherra,799264
Tripura,Padmabil,799260
Tripura,Padmapur,799253
Tripura,Paglabari,799207
Tripura,Paharmora,799201
Tripura,Paiturbazar,799279
Tripura,Panichowkibazar,799277
Tripura,Panisagar,799260
Tripura,Paschim Belcherra,799201
Tripura,Paschim Dalucherra,799278
Tripura,Paschim Kalyanpur,799203
Tripura,Paschim Kunjaban,799203
Tripura,Paschim Laxmicherra,799201
Tripura,Paschim Radhapur,799254
Tripura,Paschim Santinagar,799203
Tripura,Paschimchandrapur,799251
Tripura,Paschimratacherra,799290
Tripura,Pearacherra,799261
Tripura,Pechardahar,799280
Tripura,Pecharthal,799263
Tripura,Pekucherr,799260
Tripura,Phuldengsai,799269
Tripura,Piplacherra,799256
Tripura,Pratyekroy,799251
Tripura,Premtala,799261
Tripura,Purba Betcherra,799266
Tripura,Radhapur,799253
Tripura,Raghna,799251
Tripura,Rahumcherra,799260
Tripura,Rajbari,799253
Tripura,Rajkandi,799290
Tripura,Rajnagar Khowai,799207
Tripura,Rajnagar Laxmipur,799254
Tripura,Rakhalgang,799261
Tripura,Ramchandraghat,799207
Tripura,Ramdayal Lendless Colony,799203
Tripura,Ramdurlavpur,799285
Tripura,Ramgunapara,799263
Tripura,Rangauti,799281
Tripura,Rangrung,799277
Tripura,Ranibari,799261
Tripura,Ranipukur,799284
Tripura,Ratacherra,799290
Tripura,Ratanpurbazar,799201
Tripura,Ratia,799203
Tripura,Rowabazar,799260
Tripura,Rupacherra,799205
Tripura,Sabual,799269
Tripura,Sadhanasram,799277
Tripura,Saidarpar,799290
Tripura,Sailo,799269
Tripura,Sakaibari,799251
Tripura,Sakhan Serhmun,799271
Tripura,Salema,799278
Tripura,Samatal Padmabil,799201
Tripura,Samrurpar,799277
Tripura,Sanicherra,799262
Tripura,Sarala,799261
Tripura,Sarma,799284
Tripura,Satnala,799270
Tripura,Sayedabari,799264
Tripura,Sibnagar,799270
Tripura,Sikaribari,799289
Tripura,Sindhukumarpara,799275
Tripura,Singibill,799285
Tripura,Singicherra,799201
Tripura,Sonamukhi North Tripura,799280
Tripura,Sonarurbassa,799251
Tripura,Sonatala,799207
Tripura,South Ganganagar,799253
Tripura,South Unokoti,799264
Tripura,Sreerampur,799277
Tripura,Srirampur Lambucherra,799287
Tripura,Subashpark,799201
Tripura,Suknacherra,799270
Tripura,Tablabari,799203
Tripura,Tachai,799277
Tripura,Tapaspalli,799277
Tripura,Tarakpur,799261
Tripura,Taraninagar,799288
Tripura,Tarapur,799290
Tripura,Teghari,799290
Tripura,Teliamura,799205
Tripura,Thana Road,799251
Tripura,Tilthai,799260
Tripura,Tilthai Nutanbazar,799260
Tripura,Tlangsang,799269
Tripura,Tripura Damcherra,799256
Tripura,Tripura Ganganagar,799253
Tripura,Tripura Tillabazar,799281
Tripura,Tuichama,799271
Tripura,Ugalcherra,799263
Tripura,Ujan Dodhpur,799288
Tripura,Ujan Sailenbari,799260
Tripura,Uptakhali,799260
Tripura,Uttar Gakulnagar,799205
Tripura,Uttar Radhanagar,799290
Tripura,Uttarchebri,799207
Tripura,Uttat Pulinpur,799203
Tripura,West Nalkata,799266
Tripura,West Panisagar,799260
Tripura,Zaithang,799253
Tripura,Zarultali,799279
Tripura,Bhabanipur,799132
Tripura,Jatrapur,799132
Tripura,Kalikrishnagar,799132
Tripura,Maheshpur,799132
Tripura,Mnaipather,799132
Tripura,Nidya,799132
Tripura,Nirvaypur,799132
Tripura,Kathalia,799132
Nagaland,Aghunato,798620
Nagaland,Agri College,797106
Nagaland,Aitepyong,797100
Nagaland,Aizuto,798619
Nagaland,Akhegwo,797114
Nagaland,Akuhaito,798619
Nagaland,Akuluto,798619
Nagaland,Alichen,798601
Nagaland,Alungkima,798604
Nagaland,Alungtaki,798604
Nagaland,Amahatore,798611
Nagaland,Anatongere,798611
Nagaland,Angangba,798616
Nagaland,Angphang,798603
Nagaland,Aolijen,798601
Nagaland,Aoyimti,797115
Nagaland,Arree Old,798601
Nagaland,Artc,797115
Nagaland,Asangma,798618
Nagaland,Asukhomi,798620
Nagaland,Asukika,797109
Nagaland,Asukuto,798619
Nagaland,Asuto,798620
Nagaland,Athibung,797110
Nagaland,Atoizu,798620
Nagaland,Baghty,797111
Nagaland,Barakangtsung,798618
Nagaland,Baranamsang,798622
Nagaland,Bhandari,797111
Nagaland,Bhandari,797099
Nagaland,Bongkholong,797110
Nagaland,Botsa,797105
Nagaland,Chakhabama,797003
Nagaland,Champang,798603
Nagaland,Changki,798601
Nagaland,Chantongia,798613
Nagaland,Chare,798601
Nagaland,Chatashi,797109
Nagaland,Chedema,797003
Nagaland,Chengloisho,798603
Nagaland,Chenwetnyu,798603
Nagaland,Chessore,798612
Nagaland,Chetheba,797104
Nagaland,Chiechama,797105
Nagaland,Chiephobozou,797105
Nagaland,Chimonger,798616
Nagaland,Chingkao,798603
Nagaland,Chinglong,798603
Nagaland,Chingmei,798612
Nagaland,Chizami,797102
Nagaland,Chizami Village,797102
Nagaland,Choklangan,798626
Nagaland,Chozuba,797104
Nagaland,Chuchuyimlang,798614
Nagaland,Chui,798621
Nagaland,Chukitong,797111
Nagaland,Chumukedima,797103
Nagaland,Chungtia,798601
Nagaland,Chungtia Yimsen,798604
Nagaland,Chungtore,798616
Nagaland,Ciesema,797003
Nagaland,Circular Road,797117
Nagaland,Daroga Pathar,797115
Nagaland,Dihoma,797003
Nagaland,Dimapur Bazar,797116
Nagaland,Dimapur,797112
Nagaland,Diphupar,797115
Nagaland,Doyang Hydel Project,797100
Nagaland,Doyapur,797112
Nagaland,Duncan Basti,797113
Nagaland,Dzulhami,797104
Nagaland,Elumnyu,797111
Nagaland,Englan,797111
Nagaland,Eralibill,797115
Nagaland,Fazl Ali College,798601
Nagaland,Gaili,797110
Nagaland,Ghathashi,797109
Nagaland,Hening Kunglwa,797112
Nagaland,High School Junction,797121
Nagaland,Hosephu,798620
Nagaland,Huker,798612
Nagaland,Hukpang,798625
Nagaland,Humtsu,797111
Nagaland,Hutsu,797114
Nagaland,Impur,798615
Nagaland,Industrial Estate,797113
Nagaland,Jakhama,797005
Nagaland,Jakpang,798603
Nagaland,Jalukie B,797110
Nagaland,Jalukiekam,797112
Nagaland,Jharnapani,797106
Nagaland,Jotsoma,797002
Nagaland,Kedima,797003
Nagaland,Ketsapo,797108
Nagaland,Khaibung,797106
Nagaland,Khari,798604
Nagaland,Khehekhu,797116
Nagaland,Khelma,797110
Nagaland,Khensa,798617
Nagaland,Khermahal,797112
Nagaland,Khonoma,797002
Nagaland,Khopoanaula,797103
Nagaland,Khuzama,797005
Nagaland,Khuzami,797108
Nagaland,Kichilimi,798620
Nagaland,Kigwema,797005
Nagaland,Kikruma,797107
Nagaland,Kilomi,797104
Nagaland,Kiphire,798611
Nagaland,Kisethong,798611
Nagaland,Kizocha,797003
Nagaland,Kohima,797001
Nagaland,Kohima PWD,797005
Nagaland,Kohima Science College,797002
Nagaland,Kohima Village,797003
Nagaland,Kongon,798622
Nagaland,Kongsang,798616
Nagaland,Kontsunyu,797109
Nagaland,Kubulong,798615
Nagaland,Kubza,798601
Nagaland,Kuda,797112
Nagaland,Kuhuboto,797116
Nagaland,Kushiabill,797116
Nagaland,Kuthur,798612
Nagaland,Lalmati,797005
Nagaland,Lazami,797109
Nagaland,Lengrijan,797113
Nagaland,Lephori,797114
Nagaland,Lilen,797110
Nagaland,Longchang,798615
Nagaland,Longchem,798604
Nagaland,Longching,798603
Nagaland,Longkhim,798616
Nagaland,Longkhum,798601
Nagaland,Longkong,798614
Nagaland,Longleng,798625
Nagaland,Longmatra,798611
Nagaland,Longmisa,798601
Nagaland,Longnak,798604
Nagaland,Longpong Senghe,798621
Nagaland,Longsa,798601
Nagaland,Longtsung,797100
Nagaland,Longwa,798621
Nagaland,Losami,797108
Nagaland,Lotsu,797100
Nagaland,Lumami,798627
Nagaland,Luyang Valley,798618
Nagaland,Luzaphuhu,797108
Nagaland,Mangmentong,798601
Nagaland,Maova,797106
Nagaland,Mbaulwa,797101
Nagaland,Medziphema,797106
Nagaland,Mekhukla,797111
Nagaland,Meluri,797114
Nagaland,Merangkong,798613
Nagaland,Mesolumi,797107
Nagaland,Mezoma,797002
Nagaland,Mhainamtsi,797110
Nagaland,Middle Khomi,797102
Nagaland,Mima,797005
Nagaland,Mishilimi,797105
Nagaland,Moaikam,797103
Nagaland,Moilan,797100
Nagaland,Mokokchung,798601
Nagaland,Molungkhimong,798618
Nagaland,Molungyimsen,798618
Nagaland,Molvom,797106
Nagaland,Mon,798621
Nagaland,Mongchen,798604
Nagaland,Mongkholemba,798604
Nagaland,Mongsenyimti,798614
Nagaland,Monyakshu,798603
Nagaland,Moya,798611
Nagaland,N Longidong,797111
Nagaland,N E H U,797004
Nagaland,N Song,797101
Nagaland,Naginimora,798622
Nagaland,Namsa,798602
Nagaland,Nchongram,797101
Nagaland,New Jalukie,797110
Nagaland,New Nepaligaon,797113
Nagaland,New Sectt Complex,797004
Nagaland,Nian,798625
Nagaland,Nihekhu,797103
Nagaland,Nisenyu,797109
Nagaland,Nokhu,798626
Nagaland,Noklak,798626
Nagaland,Noksen,798616
Nagaland,Nst Colony,798601
Nagaland,Nst Colony,797113
Nagaland,Nuiland,797112
Nagaland,Nyiro,797111
Nagaland,Nyishunyu,797109
Nagaland,Old Phek,797108
Nagaland,Opangkong,798617
Nagaland,P C College,797103
Nagaland,P R Hill,797120
Nagaland,Padampukhuri,797116
Nagaland,Pangsha,798626
Nagaland,Pangti,797100
Nagaland,Panso,798612
Nagaland,Paper Nagar,798623
Nagaland,Peren,797101
Nagaland,Pessao,798603
Nagaland,Pessu,798626
Nagaland,Pfutsero,797107
Nagaland,Phaipijan,797112
Nagaland,Phalonger,798611
Nagaland,Phangsang,798613
Nagaland,Phek,797108
Nagaland,Phenshunyu,797109
Nagaland,Phenwhenyu,797109
Nagaland,Pherima,797106
Nagaland,Phesachuduma,797107
Nagaland,Phesama,797005
Nagaland,Phisami,798620
Nagaland,Phomching,798625
Nagaland,Phugwu,797104
Nagaland,Pimla,797103
Nagaland,Piphima,797106
Nagaland,Poilwa,797002
Nagaland,Pokhpur,798611
Nagaland,Pongitong,797111
Nagaland,Pongkong,798621
Nagaland,Porba,797107
Nagaland,Pughoboto,797109
Nagaland,Pungkhuri,797114
Nagaland,Punglwa,797106
Nagaland,Pungro,798611
Nagaland,Pwd Colony,797117
Nagaland,Ralan,797112
Nagaland,Rangapahar,797117
Nagaland,Razaphima,797112
Nagaland,Runguzumi,797104
Nagaland,Rusoma,797003
Nagaland,S E Colony,798601
Nagaland,Saghemi,798620
Nagaland,Sakchi,798625
Nagaland,Sakraba,797107
Nagaland,Salulamang,798614
Nagaland,Samjiuram,797110
Nagaland,Sanglao,798626
Nagaland,Sangsanyu,798612
Nagaland,Sanis,797100
Nagaland,Saramati,798612
Nagaland,Satakha,798620
Nagaland,Satami,798620
Nagaland,Satoi,798620
Nagaland,Sendenyu,797109
Nagaland,Seyochang,798611
Nagaland,Shamator,798612
Nagaland,Shampur,798612
Nagaland,Shiponger,798612
Nagaland,Showba Old,797115
Nagaland,Signal Village,797118
Nagaland,Sikur,798611
Nagaland,Singal Village,797117
Nagaland,Singha Chingnyu,798621
Nagaland,Singrijan,797112
Nagaland,Singrup,798611
Nagaland,Sirhima,797106
Nagaland,Sitimi,798611
Nagaland,Sotokur,798612
Nagaland,Suger Mill,797115
Nagaland,Sukhovi,797115
Nagaland,Sungratsu,798615
Nagaland,Sungro,797100
Nagaland,Suruhuto,798620
Nagaland,Surumi,798620
Nagaland,Tamlu,798618
Nagaland,Tang,798621
Nagaland,Tekhouba,797107
Nagaland,Tening,797101
Nagaland,Tenyiphe,797103
Nagaland,Tesophenyu,797109
Nagaland,Thahekhu,797117
Nagaland,Thechulumi,797102
Nagaland,Thenizumi,797104
Nagaland,Thipuzumi,797107
Nagaland,Thizama,797004
Nagaland,Thonokhunyu,798612
Nagaland,Thvophisumi,797104
Nagaland,Tizit,798602
Nagaland,Tobu,798603
Nagaland,Tokiye,798620
Nagaland,Totak,798621
Nagaland,Tronger,798601
Nagaland,Tseminyu Old Town,797109
Nagaland,Tseminyu,797109
Nagaland,Tsosesunyu,797109
Nagaland,Tsungtsutong,797111
Nagaland,Tuensang,798612
Nagaland,Tuensang Village,798612
Nagaland,Tuli,798618
Nagaland,Tuophema,797105
Nagaland,Ukha,798603
Nagaland,Ungar,798614
Nagaland,Ungma,798601
Nagaland,V K Town,798601
Nagaland,Vihokhu,797116
Nagaland,Viswema,797005
Nagaland,Wakching,798622
Nagaland,Wamaken,798618
Nagaland,Waromung,798604
Nagaland,Waunching,798621
Nagaland,Wazhiho,797114
Nagaland,Wokha,797111
Nagaland,Wokha Village,797111
Nagaland,Wozhru,797111
Nagaland,Yachem,798625
Nagaland,Yamhon,797100
Nagaland,Yampha,797112
Nagaland,Yangli,798616
Nagaland,Yannu,798602
Nagaland,Yaongyimsen,798613
Nagaland,Yaribami,797104
Nagaland,Yikhum,797111
Nagaland,Yisemyong,798614
Nagaland,Yongyak,798625
Nagaland,Zaboka,798602
Nagaland,Zaketsa,797107
Nagaland,Zalukie,797110
Nagaland,Zangkham,798602
Nagaland,Zavame,797107
Nagaland,Zeliangrong,797117
Nagaland,Zephenyu,797109
Nagaland,Zhadima,797105
Nagaland,Zhamai,797107
Nagaland,Zubza,797005
Nagaland,Zunheboto,798620
Nagaland,Tzudikong,798623
Manipur,Ahallup,795002
Manipur,Aibulon,795143
Manipur,Aigejang,795102
Manipur,Aimol Kodamphai,795135
Manipur,Aina,795128
Manipur,Akhui,795141
Manipur,Anal Khullen,795102
Manipur,Andro,795149
Manipur,Angbrashu,795135
Manipur,Angtha,795149
Manipur,Arapyi,795130
Manipur,Arong,795132
Manipur,Arong Nongmaikhong,795103
Manipur,Ashi,795145
Manipur,Atang Khunou,795125
Manipur,Atengba,795141
Manipur,Athokpam,795138
Manipur,Athokpam Khunou,795138
Manipur,Awang Konmgpal,795005
Manipur,Awang Leikinthabi,795136
Manipur,Awangjiri,795134
Manipur,Awangkhul,795159
Manipur,Awangpotshangbam,795002
Manipur,Behiang,795139
Manipur,Bengoon Maning Leikai,795132
Manipur,Bhalok,795141
Manipur,Bidyanagar,795115
Manipur,Bishnupur Bishnupur,795126
Manipur,Bitrarakhong,795009
Manipur,Bongajang,795131
Manipur,Bongbal Khullen,795149
Manipur,Bongjoi,795131
Manipur,Bongli,795135
Manipur,Bongmun,795116
Manipur,Bongoijang,795141
Manipur,Borobekra,795116
Manipur,Boroyangbi,795133
Manipur,BR Colony,795115
Manipur,Bukpi,795143
Manipur,Bunglon,795133
Manipur,Bunglong,795118
Manipur,Bungmual,795128
Manipur,Bungpilon,795143
Manipur,Bungte Chiru,795134
Manipur,Canchipur T C D,795003
Manipur,Central Agriculture University,795004
Manipur,Ch Khongnangpokpi,795136
Manipur,Chabung Company,795132
Manipur,Chadong,795145
Manipur,Chairen,795101
Manipur,Chaiton,795125
Manipur,Chajing Pt II,795130
Manipur,Chakpikarong,795102
Manipur,Chalwa P,795112
Manipur,Champanagar,795116
Manipur,Chamu,795142
Manipur,Chandel,795127
Manipur,Chandraman,795122
Manipur,Changamdabi,795149
Manipur,Charangpat,795138
Manipur,Charoi Khullel,795124
Manipur,Charoi Tupul,795159
Manipur,Chassad,795145
Manipur,Chaton,795135
Manipur,Chawanamei,795104
Manipur,Chehjang,795128
Manipur,Chelhep,795135
Manipur,Cheljang,795112
Manipur,Chenpal,795131
Manipur,Cherapur,795148
Manipur,Chingai P,795142
Manipur,Chingai Khullen,795104
Manipur,Chingjaroiedbo,795142
Manipur,Chingkonpang,795128
Manipur,Chingmang,795010
Manipur,Chingmun,795116
Manipur,Chirai Muslim,795132
Manipur,Chither P,795142
Manipur,Chongmun,795147
Manipur,Chothemunpi,795128
Manipur,Christan Centre Haochong,795146
Manipur,Churachandpur,795128
Manipur,CRPF Camp Langjing,795113
Manipur,D M College,795001
Manipur,Dailong,795141
Manipur,Dolaithabi,795114
Manipur,Dolang,795126
Manipur,Dolang,795118
Manipur,Dolang Khunou,795126
Manipur,Dopkon,795133
Manipur,Dullen T C D,795125
Manipur,Duthang,795127
Manipur,Elangkhangpokpi,795103
Manipur,Ethai Bazar,795133
Manipur,Galam,795118
Manipur,Gamphajal,795131
Manipur,Ganel,795112
Manipur,Gangpijang,795118
Manipur,Geljaing,795128
Manipur,Gelmol,795133
Manipur,Grihang,795145
Manipur,Gularthol,795115
Manipur,Haipi,795122
Manipur,Hamkeilon,795128
Manipur,Hanship,795143
Manipur,Haochong,795159
Manipur,Haokha,795138
Manipur,Haokhongching,795149
Manipur,Haorang Kairel,795113
Manipur,Haoreibi,795009
Manipur,Haoreibi Mayai Leikai,795130
Manipur,Haotak Khullen,795126
Manipur,Haotakphailen,795133
Manipur,Haraorou,795114
Manipur,Heibong Makhong,795132
Manipur,Heibongpokpi,795146
Manipur,Heikrujam,795134
Manipur,Heingang,795002
Manipur,Heinganglok,795149
Manipur,Heinoumakhong,795130
Manipur,Heinoumakhong,795010
Manipur,Heirok Part 2,795148
Manipur,Hengbung,795129
Manipur,Henglep,795128
Manipur,Hengtam,795139
Manipur,Herok Part 1,795148
Manipur,Hivanalam,795103
Manipur,Hiyangthang,795009
Manipur,Huidrom,795010
Manipur,Huime,795144
Manipur,Huining,795142
Manipur,Hulkap,795149
Manipur,Hundung,795142
Manipur,Ichaigojang,795118
Manipur,Ijairong,795146
Manipur,Illong,795125
Manipur,Imphal Bazar,795001
Manipur,Imphal,795001
Manipur,Irang,795112
Manipur,Irengbam,795134
Manipur,Irengnaga,795146
Manipur,Irilbung,795008
Manipur,Iroisemaba,795004
Manipur,Irom Meijrao,795009
Manipur,Irong Chessabal,795132
Manipur,Irong Tangkhul,795149
Manipur,Irong Thokchom T C D,795138
Manipur,Irong Umang Khunou,795132
Manipur,Isok,795134
Manipur,J Phaijang,795107
Manipur,Jakurdhar,795116
Manipur,Jampii T C D,795125
Manipur,Jangnoi,795118
Manipur,Jessami Edno,795142
Manipur,Jiban Nager,795124
Manipur,Jiribam Bazar,795116
Manipur,Jul Bangching,795101
Manipur,K M College,795103
Manipur,K Molnam,795101
Manipur,Kabowakching,795134
Manipur,Kachal,795144
Manipur,Kadi,795125
Manipur,Kagai,795142
Manipur,Kahulong,795141
Manipur,Kaibi,795104
Manipur,Kairang Litan Makhong,795114
Manipur,Kakching Khunou,795103
Manipur,Kakching,795103
Manipur,Kalapahar,795122
Manipur,Kalikalok,795103
Manipur,Kambang Khunou,795135
Manipur,Kambiron,795147
Manipur,Kameng Kakching,795010
Manipur,Kamong,795134
Manipur,Kamu Tampak,795149
Manipur,Kamu Tongam,795149
Manipur,Kamuching,795149
Manipur,Kangathei,795133
Manipur,Kangchup Chiru,795146
Manipur,Kangchup Hill P,795146
Manipur,Kangchup Makhong,795146
Manipur,Kangkap,795139
Manipur,Kanglatongbi,795136
Manipur,Kangpokpi Mission,795129
Manipur,Kangpokpi,795129
Manipur,Kangvai Bazar,795128
Manipur,Karakhul,795002
Manipur,Karam Vaiphei,795146
Manipur,Karong,795007
Manipur,Karongthel,795148
Manipur,Kasanlong,795125
Manipur,Kashimpur,795115
Manipur,Kasom Khullen,795149
Manipur,Keibung Mamang,795138
Manipur,Keikao,795141
Manipur,Keimai,795115
Manipur,Keinou,795134
Manipur,Keirak,795103
Manipur,Keirao Bitra Salam,795008
Manipur,Keirao Makting,795008
Manipur,Keirao Wangkhem,795008
Manipur,Keithelmanbi,795122
Manipur,Kh Jaikhan,795116
Manipur,Khabi,795134
Manipur,Khajang,795143
Manipur,Khamasom,795142
Manipur,Khambathel,795101
Manipur,Khamnam Bazar,795113
Manipur,Khangabok,795138
Manipur,Khangakhul,795113
Manipur,Khangbaram,795135
Manipur,Khanpi,795128
Manipur,Kharasom,795142
Manipur,Kharou Khullen,795135
Manipur,Khathinunggei,795133
Manipur,Khayang,795142
Manipur,Kheijang,795122
Manipur,Khekmanedbo,795138
Manipur,Khelakhong,795132
Manipur,Khengjoi,795102
Manipur,Khoibu,795135
Manipur,Khoijuman,795126
Manipur,Khoirentak,795133
Manipur,Khoirom,795149
Manipur,Khongangpheidekpi,795008
Manipur,Khongbal Tangkhul,795114
Manipur,Khongbung,795126
Manipur,Khongdei Simphung,795144
Manipur,Khonghampat,795002
Manipur,Khongjaron,795141
Manipur,Khongjaron Khunthak,795141
Manipur,Khongjom,795148
Manipur,Khonglou Vaiphei T C D,795149
Manipur,Khongnangpheisani,795101
Manipur,Khongsang,795159
Manipur,Khordak Ichin,795133
Manipur,Khoupum,795147
Manipur,Khousabung,795133
Manipur,Khousat T C D,795135
Manipur,Khouwpuibung,795117
Manipur,Khoyathong,795001
Manipur,Khubungh Khullen,795102
Manipur,Khudei Khunou,795103
Manipur,Khudei Khunou,795135
Manipur,Khudengthabi,795131
Manipur,Khumbong Bazar,795113
Manipur,Khumidok P,795114
Manipur,Khumphung,795125
Manipur,Khunbi,795135
Manipur,Khundong Khukhaiba,795146
Manipur,Khunpi Naosem,795126
Manipur,Khurai Khongnang Makhong,795005
Manipur,Khurukhul,795002
Manipur,Kitnapanung,795008
Manipur,Kiyam Shiphai,795138
Manipur,Kodompokpi,795009
Manipur,Koide,795015
Manipur,Kolhen,795128
Manipur,Kolhen,795112
Manipur,Komlakhong,795132
Manipur,Kongba Bazar,795008
Manipur,Kongpat Khunou,795145
Manipur,Konthakhabam,795002
Manipur,Konthoujam,795113
Manipur,Kshetri Leikai,795138
Manipur,Kshetribangoon,795008
Manipur,Kshetrigao,795008
Manipur,Kuilong,795125
Manipur,Kumbi P,795133
Manipur,Kumbipukhri,795128
Manipur,Kunja P,795003
Manipur,Kwakta,795133
Manipur,Kwanpui,795128
Manipur,Kyamgei,795003
Manipur,L Tangkhul,795145
Manipur,Laiching Khongsang,795135
Manipur,Laii,795104
Manipur,Laikoiching,795010
Manipur,Lailong,795128
Manipur,Laiphrak Maring,795008
Manipur,Laiphrakom,795140
Manipur,Lairabokhong,795130
Manipur,Lairen Sajik,795146
Manipur,Lairouching,795007
Manipur,Lakhamei,795015
Manipur,Lalkhai,795116
Manipur,Lama Camp,795139
Manipur,Lamboi Khongnagkhong,795004
Manipur,Lambui,795145
Manipur,Lamdangmei,795126
Manipur,Lamdeng,795146
Manipur,Lamkang Khunou,795135
Manipur,Lamlai,795010
Manipur,Lamlang Gate,795142
Manipur,Lamlong Khullen,795135
Manipur,Lamlong Khunou,795135
Manipur,Lamlong,795010
Manipur,Lamphelpat,795004
Manipur,Lamsang,795146
Manipur,Langjing Achouba,795113
Manipur,Langmeidon,795103
Manipur,Langol Housing Complex,795004
Manipur,Langpok,795134
Manipur,Langthabal,795003
Manipur,Laphupat,795132
Manipur,Larong,795127
Manipur,Latingkhal,795116
Manipur,Leibi,795135
Manipur,Leijangphai,795143
Manipur,Leimapokpam,795134
Manipur,Leimatak,795124
Manipur,Leimram,795134
Manipur,Leingangching,795103
Manipur,Leisan,795142
Manipur,Leison,795143
Manipur,Leiting,795145
Manipur,Lembakhul,795138
Manipur,Lemta,795125
Manipur,Lenglong,795125
Manipur,Liklikhong Bazar,795114
Manipur,Lilong,795130
Manipur,Lingshiphai,795128
Manipur,Litan,795145
Manipur,Liwachangning,795135
Manipur,Liwasari,795127
Manipur,Liyai,795104
Manipur,Liyal Khunou,795104
Manipur,Loitang Leikinthabi,795002
Manipur,Loktak Project,795124
Manipur,Longa Koireng,795113
Manipur,Longja,795101
Manipur,Longpi,795116
Manipur,Longpram,795141
Manipur,Loukok Mayai Leikai,795132
Manipur,Louremba,795149
Manipur,Lukhambi,795159
Manipur,Lungchin,795139
Manipur,Lungphu,795145
Manipur,Lungsai,795128
Manipur,Lungshung,795128
Manipur,Lungthar,795149
Manipur,Lungthul,795139
Manipur,Luwangsangbam,795002
Manipur,Luwangsangol,795136
Manipur,M Bongmol,795101
Manipur,Machi,795135
Manipur,Magulong,795125
Manipur,Mahou Tera,795101
Manipur,Maiba,795015
Manipur,Maibam,795134
Manipur,Maibam Konjil,795132
Manipur,Mairembam,795103
Manipur,Makeng Ngarolu,795118
Manipur,Makhan,795136
Manipur,Makhan Bazar,795015
Manipur,Maklang Bazar,795113
Manipur,Makokchung,795118
Manipur,Maku,795145
Manipur,Manamayang,795134
Manipur,Manipur High Court,795001
Manipur,Manipur University,795003
Manipur,Mantak,795103
Manipur,Mantripukhri,795002
Manipur,Mao,795150
Manipur,Maohiing,795129
Manipur,Maohing,795129
Manipur,Maojam,795131
Manipur,Maokot,795145
Manipur,Mapao Keithelmanbi,795114
Manipur,Mapum,795142
Manipur,Maram,795015
Manipur,Mayang Impahl Bengoon,795132
Manipur,Mayang Imphal,795132
Manipur,Mayang Langjing,795146
Manipur,Mayuran,795124
Manipur,Millongmun,795143
Manipur,Minou Khunjao,795135
Manipur,Mission Compound,795128
Manipur,Mittong,795127
Manipur,Moijing,795138
Manipur,Moirang Kampu,795005
Manipur,Moirang Purel,795010
Manipur,Moirang,795133
Manipur,Molchamedbo,795131
Manipur,Molhang,795135
Manipur,Molkon,795118
Manipur,Mollen T C D,795149
Manipur,Molphei Tampak,795133
Manipur,Moltek,795135
Manipur,Monbi,795102
Manipur,Mongkhang Lambi,795008
Manipur,Mongsangei,795003
Manipur,Moreh,795131
Manipur,Motbung,795107
Manipur,Mual Vaiphei,795117
Manipur,Mualkoi,795128
Manipur,Mualmun,795139
Manipur,Mukti Khullen,795147
Manipur,Munpi,795128
Manipur,Mutukhong,795118
Manipur,Mutum Phibou,795132
Manipur,N Khenjang,795107
Manipur,Nabil P,795133
Manipur,Nagaching,795159
Manipur,Nambasi,795149
Manipur,Nambol,795134
Manipur,Namtiram,795141
Manipur,Naorem,795134
Manipur,Naransena,795133
Manipur,Narum,795135
Manipur,Natok Kabui,795113
Manipur,New Kabui Khullen,795159
Manipur,New Keiphundai,795115
Manipur,New Keithelmanbi,795113
Manipur,New Lambala,795125
Manipur,New Lamka,795006
Manipur,New Pallong,795141
Manipur,New Somtal,795131
Manipur,Ngaikhong Khullen,795126
Manipur,Ngairangbam,795113
Manipur,Ngairou,795142
Manipur,Ngangkha Lawi,795133
Manipur,Ngaphabung,795116
Manipur,Ngari Khullen,795144
Manipur,Ngarian,795126
Manipur,Ningombam,795003
Manipur,Ningthemchakhul,795010
Manipur,Ningthoukhong,795126
Manipur,Nodoom Bazar,795103
Manipur,None,795159
Manipur,Nongdam Tangkhul,795010
Manipur,Nongoda,795010
Manipur,Nongpok Sekmai,795149
Manipur,Noremthong Bazar,795004
Manipur,Nungba,795147
Manipur,Nungbi Khunou,795142
Manipur,Nungei,795130
Manipur,Nungnang,795147
Manipur,Nungsai Chiru,795126
Manipur,Nungshang,795142
Manipur,Nungtek,795159
Manipur,Nungthangtampak,795133
Manipur,Nurathel,795107
Manipur,Oinam,795134
Manipur,Oinam,795007
Manipur,Oinam Thingel,795008
Manipur,Oklong,795106
Manipur,Okram Wangmataba,795138
Manipur,Oktan,795146
Manipur,Pallel,795135
Manipur,Pangaltabi,795103
Manipur,Pangjang,795118
Manipur,Panglian,795128
Manipur,Paobitek,795009
Manipur,Paomata Centre,795104
Manipur,Paorei,795142
Manipur,Paoyii,795142
Manipur,Parbung,795143
Manipur,Patpuimun,795116
Manipur,Patsoi Part II,795113
Manipur,Pearsonmun,795128
Manipur,Persian,795122
Manipur,Pfukhro,795150
Manipur,Phadang,795144
Manipur,Phaibok Mullen,795116
Manipur,Phaibung Khullen,795104
Manipur,Phaijang,795143
Manipur,Phaikon,795118
Manipur,Phaipheng,795128
Manipur,Phaknung,795010
Manipur,Phayeng,795146
Manipur,Pherazol,795143
Manipur,Phiran Machet,795102
Manipur,Phoubakchao,795132
Manipur,Phoudel,795138
Manipur,Phouoibi,795149
Manipur,Phousabung,795133
Manipur,Phuba,795015
Manipur,Phubala,795126
Manipur,Phunalmaring,795130
Manipur,Phunanamei,795150
Manipur,Phundrei,795148
Manipur,Phungcham,795142
Manipur,Phungyar,795145
Manipur,Pmzol,795143
Manipur,Pngaei Yangdong,795114
Manipur,Poii,795142
Manipur,Poirou Khongjil,795138
Manipur,Ponlian,795146
Manipur,Porompat,795005
Manipur,Potsangbam,795126
Manipur,Potsangbam Khoirou,795136
Manipur,Pudunamei,795150
Manipur,Pukhao Ahallup,795114
Manipur,Pukhrambam,795134
Manipur,Puleilokpi,795148
Manipur,Purul,795015
Manipur,Purum Pantha,795103
Manipur,Pushing,795142
Manipur,Rajai Khunou,795142
Manipur,Rajamei,795007
Manipur,Rengpang,795147
Manipur,S Bolkot,795107
Manipur,Sabaltongba,795138
Manipur,Sadukhoiroi,795124
Manipur,Sagang,795133
Manipur,Sagolband Thingom Leikai,795004
Manipur,Sagolmang,795114
Manipur,Sagoltongba Bazar,795113
Manipur,Saibhom,795135
Manipur,Saiden,795128
Manipur,Saikhul Village,795128
Manipur,Saikot,795117
Manipur,Saikul,795118
Manipur,Saiton,795133
Manipur,Saitu,795107
Manipur,Sajik Tampak,795102
Manipur,Salungpham,795148
Manipur,Samaram,795148
Manipur,Samurou,795009
Manipur,Sanakeithel,795145
Manipur,Sangaikot,795101
Manipur,Sangaiprou,795140
Manipur,Sangaiyumpham,795148
Manipur,Sangpei Khullen,795118
Manipur,Sangphou,795128
Manipur,Santhel,795132
Manipur,Santing,795128
Manipur,Sapam Salai,795148
Manipur,Sapermeina,795107
Manipur,Saram Patong,795149
Manipur,Saranamei,795104
Manipur,Satang,795114
Manipur,Sawaiphaih T C D,795143
Manipur,Sawombung,795010
Manipur,Sayang Kuraomakhong,795004
Manipur,Sehao,795102
Manipur,Sekmai,795136
Manipur,Sekmaijin Khunou Konuma,795132
Manipur,Sekmaijin,795132
Manipur,Sekmaijin Khunou Litan Makhong,795132
Manipur,Semol,795145
Manipur,Semol,795102
Manipur,Semon,795143
Manipur,Senapati,795106
Manipur,Serou,795101
Manipur,Shahumphai,795101
Manipur,Shongshak,795145
Manipur,Siabu,795139
Manipur,Sibilong,795147
Manipur,Sielmet,795128
Manipur,Singhat,795139
Manipur,Singjamei,795008
Manipur,Singjawl,795143
Manipur,Siraffi,795104
Manipur,Sirarakhong,795142
Manipur,Siroi,795142
Manipur,Sita,795135
Manipur,Siyamongjam,795145
Manipur,Soibam Leikai,795001
Manipur,Soichang,795149
Manipur,Somdal,795144
Manipur,Sonapur,795116
Manipur,Songdoh,795139
Manipur,Songjang,795135
Manipur,Songpram,795141
Manipur,Songtal,795139
Manipur,Sora,795103
Manipur,Sorang Phung,795142
Manipur,Sorde,795145
Manipur,South Kotlein,795128
Manipur,Suangpuimun,795116
Manipur,Sugnu,795101
Manipur,T Bongmun,795131
Manipur,T Waichong,795112
Manipur,T Awkhumbung,795118
Manipur,T C Ground,795142
Manipur,Tadubi,795104
Manipur,Tairenpokpi,795113
Manipur,Taithu,795143
Manipur,Takhel,795005
Manipur,Takou,795125
Manipur,Takvam,795128
Manipur,Takyel Khongbal,795113
Manipur,Tamei,795125
Manipur,Tamenglong Khunjao,795141
Manipur,Tamenglong,795141
Manipur,Tangkhul Hungdung,795010
Manipur,Taphou,795129
Manipur,Taretkhul,795010
Manipur,Teiyong,795128
Manipur,Tekcham,795148
Manipur,Tendongyang P,795002
Manipur,Tengnoupal,795131
Manipur,Tentha,795148
Manipur,Tera Bazar,795004
Manipur,Tera Khoidum Mayai Leikai,795132
Manipur,Terakhongshangbi,795133
Manipur,Thamnapokpi,795135
Manipur,Thanamba,795122
Manipur,Thanga Karang,795133
Manipur,Thanga P,795133
Manipur,Thangal,795126
Manipur,Thangal Surung,795114
Manipur,Thangshi,795128
Manipur,Thanlon,795143
Manipur,Tharoi Bomdiar,795134
Manipur,Tharoijam,795113
Manipur,Tharon,795141
Manipur,Thawai,795145
Manipur,Thengjang,795112
Manipur,Thingba Khullen,795007
Manipur,Thingba Khunou,795007
Manipur,Thingra,795159
Manipur,Thingsat,795107
Manipur,Thinkai Khullen,795134
Manipur,Thinkew,795128
Manipur,Thinungei,795126
Manipur,Thiwa,795144
Manipur,Thiyamkonjil,795130
Manipur,Thonglang,795129
Manipur,Thorchom,795102
Manipur,Thoubal Block T C D,795138
Manipur,Thoubal Khunou,795138
Manipur,Thoubal Leisangthem,795138
Manipur,Thoubal Ningombam,795138
Manipur,Thoubal,795138
Manipur,Thuilon,795141
Manipur,Thumkhonglok,795133
Manipur,Tingpibung,795118
Manipur,Tingsong,795143
Manipur,Tipaimukh P,795143
Manipur,T minou,795131
Manipur,Tokpa,795122
Manipur,Tokpaching,795103
Manipur,Tokpalamdan,795124
Manipur,Tollen,795128
Manipur,Tollen,795148
Manipur,Tolloi,795142
Manipur,Tolphei,795128
Manipur,Top Chingtha,795149
Manipur,Torbung,795133
Manipur,Toribari,795129
Manipur,Toubul,795126
Manipur,Toupokpi,795102
Manipur,Tousem,795141
Manipur,Tronglaobi,795133
Manipur,Tuabung,795143
Manipur,Tuikham,795117
Manipur,Tuinem,795142
Manipur,Tuining,795117
Manipur,Tuinom,795128
Manipur,Tuisangthei,795133
Manipur,Tuitengmun,795116
Manipur,Tuitengphai,795117
Manipur,Tulaphei,795128
Manipur,Tulihal,795140
Manipur,Tumuyan Khullen,795106
Manipur,Tungjoy,795104
Manipur,Tungou,795142
Manipur,Turelahnabi,795130
Manipur,Tushem,795142
Manipur,Uchekon,795008
Manipur,Uchiwa,795132
Manipur,Uchiwa Wangban,795132
Manipur,Ukha,795128
Manipur,Ukhrul,795142
Manipur,Upper Selsi T C D,795125
Manipur,Urup,795130
Manipur,Utlou,795134
Manipur,Uyumpok,795114
Manipur,Vokbual,795139
Manipur,Wabagai,795103
Manipur,Waikhong,795103
Manipur,Wairengba,795141
Manipur,Waiton,795114
Manipur,Wakhen Phai,795114
Manipur,Wangbal,795138
Manipur,Wangjing,795148
Manipur,Wangoi,795009
Manipur,Wangoo,795133
Manipur,Wangoo Laipham,795103
Manipur,Wangoo Tera,795133
Manipur,Willang,795007
Manipur,Yairipok,795149
Manipur,Yairipok Tulihal,795149
Manipur,Yambem Laxmi Bazar,795149
Manipur,Yangangpokpi,795145
Manipur,Yangkhullen,795007
Manipur,Yangoulen,795131
Manipur,Yarrow Meitram,795140
Manipur,Yourbung,795010
Manipur,Yumnam Khunou,795009
Manipur,Yumnam Khunou,795114
Manipur,Yurembam,795113
Manipur,Zelengphai,795118
Manipur,Zoupi,795102
Manipur,Zouzangtek,795126
Mizoram,Aibawk,796190
Mizoram,Aiduzawl,796261
Mizoram,Ailawng,796501
Mizoram,Aithur,796571
Mizoram,Aizawl,796001
Mizoram,Ajasora,796770
Mizoram,Armed Veng,796007
Mizoram,Armed Veng,796008
Mizoram,Bairabi,796081
Mizoram,Baktawng,796161
Mizoram,Balhlakawn,796891
Mizoram,Bawngkawn,796014
Mizoram,Belthei,796730
Mizoram,Bethel,796321
Mizoram,Bethlehem,796007
Mizoram,Biate,796370
Mizoram,Bilkhawthlir,796091
Mizoram,Boraibazar,796471
Mizoram,Borapansury,796770
Mizoram,Bualpui,796070
Mizoram,Bualpui H,796581
Mizoram,Bualpui ng,796901
Mizoram,Bualte,796701
Mizoram,Buarpui,796701
Mizoram,Buhban,796261
Mizoram,Buhchang,796091
Mizoram,Builum,796081
Mizoram,Bukpui,796070
Mizoram,Bunghmun,796701
Mizoram,Bunghmun,796710
Mizoram,Bungkawn,796005
Mizoram,Bungtlang N,796181
Mizoram,Bungtlang S,796891
Mizoram,Bungzung,796320
Mizoram,Chakhang,796901
Mizoram,Chalrang,796310
Mizoram,Chaltlang,796012
Mizoram,Chamdur,796891
Mizoram,Champhai,796321
Mizoram,Chandmary,796701
Mizoram,Chandmary,796007
Mizoram,Changpui,796701
Mizoram,Changzawl,796261
Mizoram,Chapui,796901
Mizoram,Chawlhhmun,796009
Mizoram,Chawngte,796770
Mizoram,Chawngtlai,796310
Mizoram,Chawngtui,796571
Mizoram,Chekawn,796181
Mizoram,Cherhlun,796571
Mizoram,Cheural,796901
Mizoram,Chhawkhlei,796321
Mizoram,Chhawrtui,796310
Mizoram,Chhiahtlang,796181
Mizoram,Chhingchhip,796161
Mizoram,Chhipphir,796181
Mizoram,Chhuarlung,796901
Mizoram,Chuhvel,796081
Mizoram,College Veng,796005
Mizoram,Cti Sesawng,796017
Mizoram,Daido,796261
Mizoram,Damparengpui,796431
Mizoram,Dampui,796441
Mizoram,Dapchhuah,796410
Mizoram,Darlak,796441
Mizoram,Darlawn,796111
Mizoram,Darlung,796501
Mizoram,Darngawn W,796710
Mizoram,Darzo,796571
Mizoram,Demagiri,796751
Mizoram,Diakkawn,796081
Mizoram,Diakkawn,796082
Mizoram,Diblibagh,796751
Mizoram,Diltlang,796891
Mizoram,Dinthar,796009
Mizoram,Dulte,796310
Mizoram,Dungtlang,796320
Mizoram,Durtlang,796014
Mizoram,Electric Veng,796007
Mizoram,Farkawn,796320
Mizoram,Fungkah,796901
Mizoram,Govt Complex,796009
Mizoram,Haulawng,796691
Mizoram,Hauruang,796701
Mizoram,Hmuifang,796190
Mizoram,Hmunhmeltha,796321
Mizoram,Hmunpui,796421
Mizoram,Hmuntha,796161
Mizoram,Hnahchang,796691
Mizoram,Hnahlan,796321
Mizoram,Hnahthial,796571
Mizoram,Hnahva,796431
Mizoram,Hortoki,796070
Mizoram,Hrangchalkawn,796701
Mizoram,Hrianghmun,796290
Mizoram,Hriphaw,796471
Mizoram,Hruaikawn,796321
Mizoram,Hualngohmun,796005
Mizoram,Hualtu,796161
Mizoram,Kajoisury,796751
Mizoram,Kamalanagar LawngtlB O,796770
Mizoram,Kanghmun,796501
Mizoram,Kanghmun S,796181
Mizoram,Kanhmunbazar,796471
Mizoram,Karlui,796891
Mizoram,Kawlbem,796290
Mizoram,Kawlchaw W,796891
Mizoram,Kawlkulh,796310
Mizoram,Kawnpui,796070
Mizoram,Kawnpui W,796710
Mizoram,Kawrtethawveng,796441
Mizoram,Kawrthah,796441
Mizoram,Keifang,796261
Mizoram,Keitum,796181
Mizoram,Kelkang,796321
Mizoram,Kelsih,796005
Mizoram,Kepran,796017
Mizoram,Khanpui,796017
Mizoram,Khawbel,796161
Mizoram,Khawchhete,796005
Mizoram,Khawhai,796310
Mizoram,Khawhnai,796431
Mizoram,Khawkawn,796290
Mizoram,Khawlailung,796181
Mizoram,Khawlian,796261
Mizoram,Khawnuam,796321
Mizoram,Khawpuar,796111
Mizoram,Khawrihnim,796501
Mizoram,Khawruhlian,796017
Mizoram,Khawzawl,796310
Mizoram,Khopai,796901
Mizoram,Khuangleng,796321
Mizoram,Khuangphah,796321
Mizoram,Khuangthing,796320
Mizoram,Khumtung,796161
Mizoram,Kikawn,796701
Mizoram,Kolasib,796081
Mizoram,Kulikawn,796005
Mizoram,Laisawral,796710
Mizoram,Laki,796901
Mizoram,Lallen,796431
Mizoram,Lamchhip,796190
Mizoram,Lamzawl,796290
Mizoram,Latawh,796901
Mizoram,Lawngban,796901
Mizoram,Lawngtlai,796891
Mizoram,Leisenzo,796321
Mizoram,Leite,796571
Mizoram,Leithum,796320
Mizoram,Leng,796370
Mizoram,Lengpui Airport,796421
Mizoram,Lengpui,796410
Mizoram,Luangmual,796009
Mizoram,Luangpawn,796261
Mizoram,Lungbun,796901
Mizoram,Lungchem,796701
Mizoram,Lungchhuan,796181
Mizoram,Lungdai,796014
Mizoram,Lungdar,796370
Mizoram,Lungdar W,796501
Mizoram,Lungkawlh,796181
Mizoram,Lunglawn,796701
Mizoram,Lunglei,796701
Mizoram,Lungleng s,796571
Mizoram,Lungmuat,796070
Mizoram,Lungpher N,796261
Mizoram,Lungpher S,796901
Mizoram,Lungpho,796181
Mizoram,Lungphunlian,796321
Mizoram,Lungrang S,796730
Mizoram,Lungsen,796730
Mizoram,Lungsum,796111
Mizoram,Lungtan,796310
Mizoram,Lungtian,796901
Mizoram,Lushaicherra,796471
Mizoram,Maite,796261
Mizoram,Mamit,796441
Mizoram,Mampui,796891
Mizoram,Marpara,796431
Mizoram,Maubawk,796005
Mizoram,Maubuang,796190
Mizoram,Mauchar,796111
Mizoram,Maulkawi,796321
Mizoram,Mimbung,796290
Mizoram,Missionvengthlang,796005
Mizoram,Mizoram University,796004
Mizoram,Momcherra,796471
Mizoram,Mualbukawn,796891
Mizoram,Mualcheng,796370
Mizoram,Mualcheng S,796701
Mizoram,Mualkhang,796410
Mizoram,Muallianpui,796571
Mizoram,Muallung,796320
Mizoram,Muallungthu,796005
Mizoram,Mualmawi,796005
Mizoram,Mualpheng,796261
Mizoram,Mualpui,796005
Mizoram,Mualthuam N,796691
Mizoram,Mualvum,796070
Mizoram,Murlen,796321
Mizoram,Muthi,796014
Mizoram,N Vanlaiphai,796184
Mizoram,N Chalrang,796310
Mizoram,N Chaltlang,796070
Mizoram,N Chawnpui,796101
Mizoram,N Chhippui,796431
Mizoram,N E Bualpui,796261
Mizoram,N Hlimen,796070
Mizoram,N Khawbung,796321
Mizoram,N Khawlek,796261
Mizoram,N Lungleng,796005
Mizoram,N Sabual,796441
Mizoram,N Serzawl,796111
Mizoram,N Tinghmun,796111
Mizoram,N Vanlaiphai,796181
Mizoram,Ne Khawdungsei,796290
Mizoram,Neihdawn,796310
Mizoram,New Jagnasury,796891
Mizoram,New Maubawk,796901
Mizoram,New Secretariat Complex,796005
Mizoram,New Serchhip,796181
Mizoram,New Vervek,796111
Mizoram,Ngengpuikai,796891
Mizoram,Ngopa,796290
Mizoram,Ngur,796321
Mizoram,Niawhtlang,796901
Mizoram,Nisapui,796070
Mizoram,Nunsury,796751
Mizoram,Paithar,796891
Mizoram,Palsang,796111
Mizoram,Pangkhua,796901
Mizoram,Pangzawl,796571
Mizoram,Parva,796891
Mizoram,Parvatui,796431
Mizoram,Pawlrang,796261
Mizoram,Phaileng E,796017
Mizoram,Phaileng,796431
Mizoram,Phainuam,796101
Mizoram,Phairuangkai,796730
Mizoram,Phaisen,796091
Mizoram,Phuaibuang,796261
Mizoram,Phuldungsei,796431
Mizoram,Phullen,796261
Mizoram,Phulpui,796190
Mizoram,Phura,796901
Mizoram,Ptc Lungverh,796410
Mizoram,Puankhai,796751
Mizoram,Puilo,796310
Mizoram,Pukpui,796691
Mizoram,Pukzing,796431
Mizoram,Putlungasih,796730
Mizoram,Ralvawng,796701
Mizoram,Ramhlun,796012
Mizoram,Ramlaitui,796691
Mizoram,Ramthar,796007
Mizoram,Rangte,796730
Mizoram,Rangvamual,796009
Mizoram,Ratu,796111
Mizoram,Rawmibawk,796901
Mizoram,Rawpui,796571
Mizoram,Rawpuichhip,796410
Mizoram,Reiek,796501
Mizoram,Rengdil,796441
Mizoram,Republic Veng,796005
Mizoram,Riangtlei,796310
Mizoram,Rualalung,796730
Mizoram,Ruallung,796261
Mizoram,Ruantlang,796321
Mizoram,Rulkual,796891
Mizoram,Rullam,796310
Mizoram,Rulpuihlim,796501
Mizoram,"S,hlimen",796005
Mizoram,S Chawilung,796751
Mizoram,S Khawbung,796320
Mizoram,S Sabual,796501
Mizoram,S Vanlaiphai,796571
Mizoram,Sabualkawn,796005
Mizoram,Sabualtlang,796891
Mizoram,Sachan,796710
Mizoram,Saichal,796261
Mizoram,Saiha,796901
Mizoram,Saihapui K,796081
Mizoram,Saikhawthlir,796081
Mizoram,Sailam,796190
Mizoram,Sailulak,796370
Mizoram,Sailutar,796111
Mizoram,Saiphai,796101
Mizoram,Saipum,796101
Mizoram,Sairang,796410
Mizoram,Saithah,796431
Mizoram,Saitual,796261
Mizoram,Saizawh,796770
Mizoram,Sakawrdai,796111
Mizoram,Sakawrtuichhun,796009
Mizoram,Samlukhai,796190
Mizoram,Samthang,796320
Mizoram,Sangau,796901
Mizoram,Sateek,796190
Mizoram,Sawleng,796017
Mizoram,Sazaikawn,796701
Mizoram,Sazep,796320
Mizoram,Selam,796290
Mizoram,Selesih,796014
Mizoram,Seling,796161
Mizoram,Serchhip,796181
Mizoram,Serhmun,796441
Mizoram,Serkawn,796691
Mizoram,Serkawr,796901
Mizoram,Serkhan,796070
Mizoram,Sertlangpui,796701
Mizoram,Sesawm,796710
Mizoram,Sesawng,796017
Mizoram,Sesih,796321
Mizoram,Sialhau,796181
Mizoram,Sialhawk,796370
Mizoram,Sialsir,796181
Mizoram,Sialsuk,796190
Mizoram,Siata,796901
Mizoram,Sihfa,796261
Mizoram,Sihphir,796014
Mizoram,Silsury,796431
Mizoram,Suangpuilawn,796261
Mizoram,Suarhliap,796081
Mizoram,Sumsilui,796770
Mizoram,Sumsuih,796190
Mizoram,Tachhip,796190
Mizoram,Tanhril,796009
Mizoram,Tarpho,796571
Mizoram,Tawipui N,796701
Mizoram,Tawipui S,796701
Mizoram,Teikhang,796290
Mizoram,Thakthingbazar,796005
Mizoram,Theiriat,796701
Mizoram,Theiva,796901
Mizoram,Thenhlum,796701
Mizoram,Thentlang,796161
Mizoram,Thenzawl,796186
Mizoram,Thiak,796190
Mizoram,Thiltlang,796571
Mizoram,Thingdawl,796082
Mizoram,Thingdawlmelriat,796005
Mizoram,Thingfal,796701
Mizoram,Thinglian,796181
Mizoram,Thingsai,796571
Mizoram,Thingsai,796581
Mizoram,Thingsat,796111
Mizoram,Thingsulthliah,796161
Mizoram,Thingthelh,796070
Mizoram,Thualthu,796701
Mizoram,Thuampui,796701
Mizoram,Tiperaghat,796751
Mizoram,Tlangkhang,796441
Mizoram,Tlangnuam,796005
Mizoram,Tlangpui,796370
Mizoram,Tlangsam,796321
Mizoram,Tlungvel,796161
Mizoram,Tongkolong,796901
Mizoram,Tualbung,796261
Mizoram,Tualcheng,796321
Mizoram,Tualpui,796310
Mizoram,Tualte,796310
Mizoram,Tuichawng,796730
Mizoram,Tuidam,796441
Mizoram,Tuikawi,796751
Mizoram,Tuipang,796901
Mizoram,Tuipui D,796571
Mizoram,Tuipuibari,796431
Mizoram,Tuipuiferry,796901
Mizoram,Tuirial H E P,796101
Mizoram,Tuisentlang,796891
Mizoram,Tuisih,796901
Mizoram,Tuithiang,796007
Mizoram,Tuithumhnar,796891
Mizoram,Udaisury,796770
Mizoram,Udalthana,796770
Mizoram,Vahai,796901
Mizoram,Vaikhawtlang,796290
Mizoram,Vairengte,796101
Mizoram,Vaisam,796701
Mizoram,Vaitin,796111
Mizoram,Vaivakawn,796009
Mizoram,Vanbawng,796261
Mizoram,Vanchengpui,796310
Mizoram,Vangchhia,796320
Mizoram,Vangtlang,796310
Mizoram,Vanhne,796701
Mizoram,Vanzau,796320
Mizoram,Vapar,796321
Mizoram,Vaphai,796320
Mizoram,Vaseitlang,796891
Mizoram,Vathuampui,796891
Mizoram,Vawmbuk,796901
Mizoram,Vengthar,796081
Mizoram,Vengthlang,796321
Mizoram,Vervek,796111
Mizoram,Zamuang,796471
Mizoram,Zanlawn,796014
Mizoram,Zawlnuam,796471
Mizoram,Zawlpui,796730
Mizoram,Zawngin,796261
Mizoram,Zawngling,796901
Mizoram,Zemabawk,796017
Mizoram,Zobawk,796701
Mizoram,Zodin,796751
Mizoram,Zohmun,796111
Mizoram,Zohnuai,796701
Mizoram,Zote e,796321
Mizoram,Zote S,796181
Mizoram,Zotlang,796691
Mizoram,Zuangtui,796017
Mizoram,Tuirial H E P,796091
Mizoram,N.Chawnpui,796091
Mizoram,Saiphai,796091
Mizoram,Saipum,796091
Mizoram,Chhipphir,796186
Mizoram,Kanghmun S,796186
Mizoram,Zote S,796186
Mizoram,Ramlaitui,796186
Meghalaya,Achigchonggiri,794002
Meghalaya,Adakgiri,783123
Meghalaya,Amlarem,793150
Meghalaya,Amlari,793109
Meghalaya,Ampati,794115
Meghalaya,Anugiri,794002
Meghalaya,Araimile,794101
Meghalaya,Assam Rifles,793011
Meghalaya,Baghmara,794102
Meghalaya,Bajengdoba,794002
Meghalaya,Balat,793106
Meghalaya,Balkhalbazar,794102
Meghalaya,Balkinigiri,794111
Meghalaya,Balsalgiri,794102
Meghalaya,Balunghat,794106
Meghalaya,Bandelkona,794115
Meghalaya,Barato,793150
Meghalaya,Barengapara,794103
Meghalaya,Barua Basti,793104
Meghalaya,Batabari,794104
Meghalaya,Bataw,793160
Meghalaya,Belguri,794109
Meghalaya,Betsing,794115
Meghalaya,Bhaitbari,794104
Meghalaya,Bhajamara,794104
Meghalaya,Bhoilymbong,793103
Meghalaya,Bholaganj Bazar,793107
Meghalaya,Bholarbhita,794104
Meghalaya,Bishnupur,793004
Meghalaya,Bolangitak,794109
Meghalaya,Bolchugre,794005
Meghalaya,Bolsong,794002
Meghalaya,Borjhora,794109
Meghalaya,Borsora,793106
Meghalaya,Byrki,793119
Meghalaya,Byrnihat,793101
Meghalaya,Captain Reserve,794101
Meghalaya,Chandabhui,794103
Meghalaya,Chapahati,794106
Meghalaya,Chati,794103
Meghalaya,Chengapara,794103
Meghalaya,Cherrabazar,793111
Meghalaya,Cherrapunjee,793108
Meghalaya,Chokpotgiri,794005
Meghalaya,Dabu,794110
Meghalaya,Dadenggre,794003
Meghalaya,Dadengiri,794104
Meghalaya,Dagal,794108
Meghalaya,Dainadubi,794110
Meghalaya,Dajongpara,794002
Meghalaya,Dakopgiri,794101
Meghalaya,Dalia,793112
Meghalaya,Damalgiri,794105
Meghalaya,Dambuk Agal,794114
Meghalaya,Daram,794108
Meghalaya,Darrang,793109
Meghalaya,Darugiri,794110
Meghalaya,Dawki,793109
Meghalaya,Dekubazar,794005
Meghalaya,Dholai,793106
Meghalaya,Dhopgiri,794005
Meghalaya,Diengiei,793005
Meghalaya,Diengpasoh,793012
Meghalaya,Dimapara,794103
Meghalaya,Disong,793112
Meghalaya,Dobasipara,794005
Meghalaya,Dokangsi,794110
Meghalaya,Dungki Ingdong,793120
Meghalaya,Edenbari Rongkhon,794002
Meghalaya,Emangiri,794102
Meghalaya,Epip Byrnihat,793101
Meghalaya,Fulbari West Garo Hills,794104
Meghalaya,Gabil,794002
Meghalaya,Gachuapara,794103
Meghalaya,Gairong,794110
Meghalaya,Gambigre,794005
Meghalaya,Gambil,794110
Meghalaya,Ganchudari,794103
Meghalaya,Garobadha,794105
Meghalaya,Garodoba,794105
Meghalaya,Gatsingbazar,794104
Meghalaya,Gongrengiri,794005
Meghalaya,Gopinath Killa,794106
Meghalaya,Grenggandi Agal,794105
Meghalaya,Gumaghat,793106
Meghalaya,Gumaijhora,794104
Meghalaya,Haldibari,794105
Meghalaya,Halloidanga,794109
Meghalaya,Haluapara,794108
Meghalaya,Happy Valley,793007
Meghalaya,Haripur,794104
Meghalaya,Hatugaon,794109
Meghalaya,Hatumling,793102
Meghalaya,Holidayganj,794104
Meghalaya,Huroi,793200
Meghalaya,Iawthymmai,793150
Meghalaya,Ichamati,793112
Meghalaya,Iewduh,793002
Meghalaya,Iewmaroid,793120
Meghalaya,Iewmawiong,793110
Meghalaya,Jaiaw,793002
Meghalaya,Jaidoh,793119
Meghalaya,Jakrem,793114
Meghalaya,Jarain,793150
Meghalaya,Jashier,793114
Meghalaya,Jengrapara,794109
Meghalaya,Jingjal,794002
Meghalaya,Jongksha,793015
Meghalaya,Jorabat,793101
Meghalaya,Joshipara,794103
Meghalaya,Jowai,793150
Meghalaya,Kalaichar,794115
Meghalaya,Kalaipara,794106
Meghalaya,Kalatak,793112
Meghalaya,Kalchengapara,794105
Meghalaya,Kapasipara,794103
Meghalaya,Katuli,794115
Meghalaya,Kawahagra,794106
Meghalaya,Khanduli,793151
Meghalaya,Kharang,793015
Meghalaya,Kharapara,794103
Meghalaya,Kharkutta,783134
Meghalaya,Khatum,793200
Meghalaya,Khlieh Lyngkhoi,793120
Meghalaya,Khliehmawlieh,793119
Meghalaya,Khliehriat,793200
Meghalaya,Khonjoy,793106
Meghalaya,Killapara,794103
Meghalaya,Killing Centre,793101
Meghalaya,Kyndong Tuber,793150
Meghalaya,Kynjoin Umran,793102
Meghalaya,Kynrut,793120
Meghalaya,Kynshi,793120
Meghalaya,Kynton U Mon,793021
Meghalaya,Kynton Massar,793022
Meghalaya,Kyrdem,793103
Meghalaya,Kyrdem Kulai,793105
Meghalaya,Laban,793004
Meghalaya,Ladmawphlang,793111
Meghalaya,Ladrymbai,793160
Meghalaya,Lailad,793102
Meghalaya,Laitdombah,793120
Meghalaya,Laitduh,793111
Meghalaya,Laitkor,793010
Meghalaya,Laitkor Peak,793010
Meghalaya,Laitkseh,793119
Meghalaya,Laitkynsew,793108
Meghalaya,Laitlyngkot,793110
Meghalaya,Laitnongrim,793114
Meghalaya,Laitryngew,793111
Meghalaya,Laitumkhrah,793003
Meghalaya,Lamin,793109
Meghalaya,Langdongdai,793119
Meghalaya,Langkyrdem,793110
Meghalaya,Langtor,793120
Meghalaya,Laskein,793150
Meghalaya,Lawbah,793113
Meghalaya,Lawbyrtun,793120
Meghalaya,Lawsohtun,793004
Meghalaya,Lower Chandmari,794002
Meghalaya,Lumshnong,793200
Meghalaya,Lumshnong,793210
Meghalaya,Lyngiong,793121
Meghalaya,Lyngkhat,793109
Meghalaya,Lyngkhoi,793120
Meghalaya,Lynshing,793015
Meghalaya,Madan Bitaw,793121
Meghalaya,Madanbynther,793120
Meghalaya,Madanriting,793021
Meghalaya,Mahadeo,793108
Meghalaya,Mahendraganj West Garo Hills,794106
Meghalaya,Mahesh Khola,794114
Meghalaya,Mairang,793120
Meghalaya,Majerchar,794106
Meghalaya,Makali,793106
Meghalaya,Manai,793120
Meghalaya,Mangsang,794110
Meghalaya,Manlakandi,794104
Meghalaya,Marbisu,793121
Meghalaya,Marmain,793102
Meghalaya,Marngar,793102
Meghalaya,Marskuin,793119
Meghalaya,Matchakgiri,794002
Meghalaya,Mawbakhon,793151
Meghalaya,Mawbeh,793110
Meghalaya,Mawblang,793108
Meghalaya,Mawbri,793103
Meghalaya,Mawdongbazar,793113
Meghalaya,Mawdymmai,793151
Meghalaya,Maweitlyngngam,793119
Meghalaya,Mawhati,793105
Meghalaya,Mawhiang,793113
Meghalaya,Mawiong,793016
Meghalaya,Mawkaiaw,793150
Meghalaya,Mawkarah,793120
Meghalaya,Mawkdok,793111
Meghalaya,Mawkhanu,793012
Meghalaya,Mawklot,793009
Meghalaya,Mawkohngei,793119
Meghalaya,Mawkriah,793121
Meghalaya,Mawkyndeng,793150
Meghalaya,Mawkynrew,793015
Meghalaya,Mawkyrwat,793114
Meghalaya,Mawlai,793017
Meghalaya,Mawlasnai,793103
Meghalaya,Mawlat,793015
Meghalaya,Mawlieh,793119
Meghalaya,Mawlong,793015
Meghalaya,Mawlong,793108
Meghalaya,Mawlong,793102
Meghalaya,Mawlyngngad,793015
Meghalaya,Mawlyngwir,793114
Meghalaya,Mawmluh,793108
Meghalaya,Mawngap,793121
Meghalaya,Mawpat,793012
Meghalaya,Mawphlang,793121
Meghalaya,Mawpun,793121
Meghalaya,Mawput,793106
Meghalaya,Mawreng,793121
Meghalaya,Mawroh,793008
Meghalaya,Mawrong,793105
Meghalaya,Mawryngkneng,793021
Meghalaya,Mawsaw,793114
Meghalaya,Mawshut,793120
Meghalaya,Mawsynram,793113
Meghalaya,Mawtawar,793022
Meghalaya,Mawten,793114
Meghalaya,Mawthapdoh,793114
Meghalaya,Mawthengkut,793119
Meghalaya,Mawthungkper,793119
Meghalaya,Mawtiehbah,793121
Meghalaya,Mechanpani,794104
Meghalaya,Meghalaya Secretariat,793001
Meghalaya,Melliam,794105
Meghalaya,Mendal,794002
Meghalaya,Mendikgiri,794102
Meghalaya,Mendipathar,794112
Meghalaya,Mihanpara,794103
Meghalaya,Mihmyntdu,793150
Meghalaya,Monobari,794105
Meghalaya,Mookynniang,793151
Meghalaya,Mualsei,793200
Meghalaya,Mukhdangra,794105
Meghalaya,Mukhialong,793160
Meghalaya,Muktapur,793109
Meghalaya,Munai,793106
Meghalaya,Mupyut,793150
Meghalaya,Musniang,793160
Meghalaya,Mustem,793150
Meghalaya,Myllat,793110
Meghalaya,Mylliem Syllai U Lar,793009
Meghalaya,Myndihati,793200
Meghalaya,Mynso,793150
Meghalaya,Myriaw,793120
Meghalaya,Naljuri,793109
Meghalaya,Namdong,793151
Meghalaya,Nangwalbibra,794107
Meghalaya,Nartiang,793151
Meghalaya,Nehu,793022
Meghalaya,Neigrihms,793018
Meghalaya,New Bhaitbari,794104
Meghalaya,Ngunraw,793114
Meghalaya,Niangbari,793102
Meghalaya,Nilwalgiri,794102
Meghalaya,Nogorpara,794106
Meghalaya,Nongbah,793119
Meghalaya,Nongbah,793150
Meghalaya,Nongbareh,793109
Meghalaya,Nongcharan,794110
Meghalaya,Nongjngi,793151
Meghalaya,Nongjri,793110
Meghalaya,Nongkasen,793119
Meghalaya,Nongkhlaw,793120
Meghalaya,Nongkrem,793015
Meghalaya,Nongkynrih,793110
Meghalaya,Nongladew,793102
Meghalaya,Nonglang,793114
Meghalaya,Nonglang,793119
Meghalaya,Nonglyer,793009
Meghalaya,Nongmynsong,793019
Meghalaya,Nongnah,793106
Meghalaya,Nongpoh,793102
Meghalaya,Nongpyndeng,793119
Meghalaya,Nongryngkoh,793150
Meghalaya,Nongsdad Dkhar,793119
Meghalaya,Nongshyrkon,793119
Meghalaya,Nongspung,793121
Meghalaya,Nongstoin,793119
Meghalaya,Nongsynrih,793114
Meghalaya,Nongtalang,793109
Meghalaya,Nongthliew,793120
Meghalaya,Nongthymmai,793014
Meghalaya,Nongthynniew,793119
Meghalaya,Nongtyngur,793109
Meghalaya,Nongum,793120
Meghalaya,Nongumlong,793005
Meghalaya,Oakland,793001
Meghalaya,Okkapara,794105
Meghalaya,Padu,793109
Meghalaya,Paham,794104
Meghalaya,Pala,793200
Meghalaya,Pam Briew,793119
Meghalaya,Pamora,793021
Meghalaya,Pamshutia,793109
Meghalaya,Panda,794102
Meghalaya,Pariong,793120
Meghalaya,Passadwar,793109
Meghalaya,Pdengshakap,793150
Meghalaya,Pedaldoba,794109
Meghalaya,Phlang Kynshi,793114
Meghalaya,Phlang Mawsyrpat,793113
Meghalaya,Phlangdiloin,793119
Meghalaya,Phlangwanbroi,793113
Meghalaya,Photamati,794109
Meghalaya,Phudjaud,793114
Meghalaya,Phudmawri,793008
Meghalaya,Pomlakrai,793010
Meghalaya,Pongkung,793121
Meghalaya,Pongtung,793109
Meghalaya,Puksora,793106
Meghalaya,Purakhasia,794103
Meghalaya,Puriang,793021
Meghalaya,Pyndemsakwang,793114
Meghalaya,Pyndeng Sohsaw,793106
Meghalaya,Pyndengrei,793119
Meghalaya,Pynursla,793110
Meghalaya,Raja Apal,794002
Meghalaya,Rajabala,794104
Meghalaya,Rajapara,793106
Meghalaya,Raksamgiri,794109
Meghalaya,Raliang,793150
Meghalaya,Rambrai,793119
Meghalaya,Ramdait,793111
Meghalaya,Rangblang,793119
Meghalaya,Rangmaw,793114
Meghalaya,Rangshken,793121
Meghalaya,Rangthong,793114
Meghalaya,Ranikor,793106
Meghalaya,Raribazar,794002
Meghalaya,Rata Cherra,793200
Meghalaya,Resubelpara,794108
Meghalaya,Riangdo Bazar,793119
Meghalaya,Rilbong,793004
Meghalaya,Rimrangapara,794103
Meghalaya,Rombagiri,794111
Meghalaya,Rombazar,794104
Meghalaya,Ronga Agal,794110
Meghalaya,Rongasora,793106
Meghalaya,Rongchek Akhong,794110
Meghalaya,Rongjeng,794110
Meghalaya,Rongkhon,794002
Meghalaya,Rongkhum,793109
Meghalaya,Rongmatchokgiri,794104
Meghalaya,Rongmen,793103
Meghalaya,Rongmil,794110
Meghalaya,Rongra,794114
Meghalaya,Rongram,794002
Meghalaya,Rongrengiri,794111
Meghalaya,Rongrong,794108
Meghalaya,Rongsakgiri,794111
Meghalaya,Rongsakhona,794105
Meghalaya,Rymbai,793160
Meghalaya,Ryngibah,793015
Meghalaya,Ryngkubazar,793113
Meghalaya,Rynjah,793006
Meghalaya,Sabribari,794104
Meghalaya,Sahsniang,793150
Meghalaya,Saiden,793102
Meghalaya,Saipung,793200
Meghalaya,Saitsama,793151
Meghalaya,Sakhadongiri,794111
Meghalaya,Salmanpara,794115
Meghalaya,Samanda,794111
Meghalaya,Sanidon,793105
Meghalaya,Sarin,793106
Meghalaya,Sasengpara,794103
Meghalaya,Seinduli Bazar,793119
Meghalaya,Selsella,794105
Meghalaya,Shallang,793119
Meghalaya,Sham Sham,793160
Meghalaya,Shangpung,793150
Meghalaya,Shankinigiri,794005
Meghalaya,Shella,793112
Meghalaya,Sheruphie,793200
Meghalaya,Shillong G P O,793001
Meghalaya,Shnongrim,793200
Meghalaya,Shyamnagar,794104
Meghalaya,Sibbari,794103
Meghalaya,Siju,794102
Meghalaya,Silkhigiri,794103
Meghalaya,Smit,793015
Meghalaya,Sngimawlein,793114
Meghalaya,Sohbarpunjee,793108
Meghalaya,Sohiong,793121
Meghalaya,Sohiong,793115
Meghalaya,Sohkha,793109
Meghalaya,Sohkmie,793108
Meghalaya,Sohkymphor,793160
Meghalaya,Sohmynting,793150
Meghalaya,Sohpian,793121
Meghalaya,Sohryngkham,793015
Meghalaya,Sonapur,793200
Meghalaya,Sonatola,793106
Meghalaya,Songsak,794111
Meghalaya,Sulgre,794115
Meghalaya,Sumer,793104
Meghalaya,Sutnga,793200
Meghalaya,Syndai,793109
Meghalaya,Syntein,793113
Meghalaya,Tamul Kuchi Gaon,793101
Meghalaya,Telsora,793106
Meghalaya,Teporpara,794105
Meghalaya,Thadlaskein,793151
Meghalaya,Thadmuthlong,793150
Meghalaya,Thangbuli,793150
Meghalaya,Thangpylleng Pyndemkseh,793119
Meghalaya,Thangrain,793150
Meghalaya,Thangsning,793015
Meghalaya,Thapa,794108
Meghalaya,Thyllaw,793113
Meghalaya,Thynroit,793015
Meghalaya,Tihnongbah,793120
Meghalaya,Tikrikilla,794109
Meghalaya,Trangblang,793150
Meghalaya,Trangpleng,793106
Meghalaya,Tuber Kmaishnong,793160
Meghalaya,Tura,794001
Meghalaya,Tynger,793113
Meghalaya,Tynring,793012
Meghalaya,Tynrong,793111
Meghalaya,Tyrna,793108
Meghalaya,Tyrsad,793121
Meghalaya,Ucc,793122
Meghalaya,Umden,793102
Meghalaya,Umdihar,793102
Meghalaya,Umdohlun,793119
Meghalaya,Umiam,793103
Meghalaya,Umjarain,793114
Meghalaya,Umkdait,793006
Meghalaya,Umkiang,793200
Meghalaya,Umkrem,793120
Meghalaya,Umktieh,793103
Meghalaya,Umladang,793151
Meghalaya,Ummulong,793151
Meghalaya,Umniuh Tmar,793110
Meghalaya,Umphyrnai,793015
Meghalaya,Umpung,793106
Meghalaya,Umran,793105
Meghalaya,Umrit,793102
Meghalaya,Umroi,793103
Meghalaya,Umsaw,793123
Meghalaya,Umsawnongbri,793102
Meghalaya,Umshakhon Mathon,793102
Meghalaya,Umsning,793015
Meghalaya,Umsning,793105
Meghalaya,Umsohlait,793105
Meghalaya,Umsohpieng,793119
Meghalaya,Umsyiem,793109
Meghalaya,Umthlong,793120
Meghalaya,Umyap,793119
Meghalaya,Upper Shillong,793005
Meghalaya,Wagachi,794110
Meghalaya,Wahiajer,793151
Meghalaya,Wahkaji,793119
Meghalaya,Wahkdait,793109
Meghalaya,Wahlong,793108
Meghalaya,Wahshiarkhmut,793110
Meghalaya,Wapung,793160
Meghalaya,Warimagiri,794114
Meghalaya,Weiloi,793121
Meghalaya,Williamnagar,794111
Meghalaya,Yalang,793150
Meghalaya,Yooksi,793150
Meghalaya,Zekabari,794105
Meghalaya,Zigzak,794115
Arunachal-Pradesh,Abango,792110
Arunachal-Pradesh,Adipasi,791102
Arunachal-Pradesh,Alinye,792101
Arunachal-Pradesh,Along,791001
Arunachal-Pradesh,Alubari,792102
Arunachal-Pradesh,Anelih,792101
Arunachal-Pradesh,Anini,792101
Arunachal-Pradesh,Anupam,792110
Arunachal-Pradesh,Arunachal Pradesh Secretariat,791111
Arunachal-Pradesh,Arunachal University,791112
Arunachal-Pradesh,Ayeng,791104
Arunachal-Pradesh,B Supply,790104
Arunachal-Pradesh,Bagra,791001
Arunachal-Pradesh,Balek,791102
Arunachal-Pradesh,Balemu,790002
Arunachal-Pradesh,Balijan,791123
Arunachal-Pradesh,Bame,791101
Arunachal-Pradesh,Bameng,790102
Arunachal-Pradesh,Bana,790102
Arunachal-Pradesh,Banderdewa,791123
Arunachal-Pradesh,Basar West Siang,791101
Arunachal-Pradesh,Bene,791001
Arunachal-Pradesh,Bhalukpong,790114
Arunachal-Pradesh,Bijari,792110
Arunachal-Pradesh,Bilat,791102
Arunachal-Pradesh,Boasimla,791120
Arunachal-Pradesh,Boleng,791102
Arunachal-Pradesh,Bolung,792110
Arunachal-Pradesh,Bomdila,790001
Arunachal-Pradesh,Bomjir,792110
Arunachal-Pradesh,Bordumsa,792056
Arunachal-Pradesh,Borduria,792130
Arunachal-Pradesh,Borguli,791104
Arunachal-Pradesh,Bubang,792120
Arunachal-Pradesh,Chaglagam,792104
Arunachal-Pradesh,Chakma,792102
Arunachal-Pradesh,Chambang,791118
Arunachal-Pradesh,Changlang,792120
Arunachal-Pradesh,Changliang,792001
Arunachal-Pradesh,Chimpu,791113
Arunachal-Pradesh,Chopelling,792122
Arunachal-Pradesh,Chowkham,792102
Arunachal-Pradesh,Chyangtajo,790102
Arunachal-Pradesh,Dadam,792130
Arunachal-Pradesh,Dahung,790116
Arunachal-Pradesh,Dalbing,791102
Arunachal-Pradesh,Dali,791101
Arunachal-Pradesh,Dambuk,792110
Arunachal-Pradesh,Damin,791118
Arunachal-Pradesh,Damro,791102
Arunachal-Pradesh,Danglat,792001
Arunachal-Pradesh,Daporijo,791122
Arunachal-Pradesh,Darak,791001
Arunachal-Pradesh,Daring,791101
Arunachal-Pradesh,Darka,791001
Arunachal-Pradesh,Deban,792122
Arunachal-Pradesh,Debing,791102
Arunachal-Pradesh,Dedza,790116
Arunachal-Pradesh,Deed,791120
Arunachal-Pradesh,Deomali,792129
Arunachal-Pradesh,Desali,792110
Arunachal-Pradesh,Dharampur,792122
Arunachal-Pradesh,Dirang Basti,790101
Arunachal-Pradesh,Dirang,790101
Arunachal-Pradesh,Diyun,792103
Arunachal-Pradesh,Doimukh,791112
Arunachal-Pradesh,Donyi Polo,791113
Arunachal-Pradesh,Dumporijo,791122
Arunachal-Pradesh,Elopa,792110
Arunachal-Pradesh,Etalin,792110
Arunachal-Pradesh,Gandhigram,792055
Arunachal-Pradesh,Garu,791125
Arunachal-Pradesh,Geku,791002
Arunachal-Pradesh,Gelling,791105
Arunachal-Pradesh,Gensi,791125
Arunachal-Pradesh,Giba,791122
Arunachal-Pradesh,Gispu,790106
Arunachal-Pradesh,Godak,791120
Arunachal-Pradesh,Gohaingaon,792001
Arunachal-Pradesh,Goiliang,792104
Arunachal-Pradesh,GTC,791102
Arunachal-Pradesh,Hawa Camp,791121
Arunachal-Pradesh,Hawai,792104
Arunachal-Pradesh,Hayuliang,792104
Arunachal-Pradesh,Hija,791120
Arunachal-Pradesh,Hill Top,791103
Arunachal-Pradesh,Hiya,791118
Arunachal-Pradesh,Hukanjuri,792129
Arunachal-Pradesh,Hunli,792110
Arunachal-Pradesh,Iduli,792110
Arunachal-Pradesh,Innao,792103
Arunachal-Pradesh,Itanagar,791111
Arunachal-Pradesh,Jaipur,792103
Arunachal-Pradesh,Jairampur Changlang,792121
Arunachal-Pradesh,Jang,790105
Arunachal-Pradesh,Jia,792110
Arunachal-Pradesh,Joram,791120
Arunachal-Pradesh,K Nokno,792131
Arunachal-Pradesh,Kaimai,792130
Arunachal-Pradesh,Kalaktang,790002
Arunachal-Pradesh,Kamlang Nagar,792102
Arunachal-Pradesh,Kanubari,792130
Arunachal-Pradesh,Kapu,792130
Arunachal-Pradesh,Karko,791002
Arunachal-Pradesh,Kaying,791001
Arunachal-Pradesh,Kebang,791102
Arunachal-Pradesh,Kharsang,792122
Arunachal-Pradesh,Kheel,791112
Arunachal-Pradesh,Khela,792130
Arunachal-Pradesh,Khellong,790114
Arunachal-Pradesh,Khemiyong,792120
Arunachal-Pradesh,Khenewa,790102
Arunachal-Pradesh,Kherem,792102
Arunachal-Pradesh,Kherem Bisa,792056
Arunachal-Pradesh,Kheti,792130
Arunachal-Pradesh,Khonsa Basti,792130
Arunachal-Pradesh,Khonsa,792130
Arunachal-Pradesh,Khopa,792104
Arunachal-Pradesh,Khotnu,792131
Arunachal-Pradesh,Kibitho,792104
Arunachal-Pradesh,Kimin,791121
Arunachal-Pradesh,Kitpi,790104
Arunachal-Pradesh,Kokila,791123
Arunachal-Pradesh,Koloriang,791118
Arunachal-Pradesh,Kombo,791001
Arunachal-Pradesh,Korang,791102
Arunachal-Pradesh,Koranu,792110
Arunachal-Pradesh,Koyu,791102
Arunachal-Pradesh,Kronli,792110
Arunachal-Pradesh,Kumari Kachari,792105
Arunachal-Pradesh,Kumsai,792103
Arunachal-Pradesh,Kutum Basti,792122
Arunachal-Pradesh,Lada,790102
Arunachal-Pradesh,Lallung,792056
Arunachal-Pradesh,Lathao,792103
Arunachal-Pradesh,Lazu,792130
Arunachal-Pradesh,Ledum,791102
Arunachal-Pradesh,Lemiking,791122
Arunachal-Pradesh,Lepajaring,791122
Arunachal-Pradesh,Lhou,790105
Arunachal-Pradesh,Likabali,791125
Arunachal-Pradesh,Liromoba,791101
Arunachal-Pradesh,Lish,790101
Arunachal-Pradesh,Logum Jining,791001
Arunachal-Pradesh,Lohitpur,792001
Arunachal-Pradesh,Loiliang,792001
Arunachal-Pradesh,Longding,792131
Arunachal-Pradesh,Longfong,792131
Arunachal-Pradesh,Lumberdung,790104
Arunachal-Pradesh,Lumla,790106
Arunachal-Pradesh,Mahadevpur Lohit,792105
Arunachal-Pradesh,Manabhum,792122
Arunachal-Pradesh,Manmao,792103
Arunachal-Pradesh,Manmao,792121
Arunachal-Pradesh,Mariyang,791002
Arunachal-Pradesh,Maro,791122
Arunachal-Pradesh,Mebo,791104
Arunachal-Pradesh,Mechuka,791003
Arunachal-Pradesh,Medo,792102
Arunachal-Pradesh,Meka,792110
Arunachal-Pradesh,Mengio,791119
Arunachal-Pradesh,Meteliang,792104
Arunachal-Pradesh,Miao,792122
Arunachal-Pradesh,Midpu,791112
Arunachal-Pradesh,Migging,791105
Arunachal-Pradesh,Minthong,792131
Arunachal-Pradesh,Model Village,791110
Arunachal-Pradesh,Momong,792102
Arunachal-Pradesh,Monigong,791001
Arunachal-Pradesh,Mukto,790105
Arunachal-Pradesh,Munna Camp,790101
Arunachal-Pradesh,Muri,791122
Arunachal-Pradesh,Nacho,791122
Arunachal-Pradesh,Nafra,790001
Arunachal-Pradesh,Naharlagun,791110
Arunachal-Pradesh,Namchik,792122
Arunachal-Pradesh,Namdang,792120
Arunachal-Pradesh,Namphai,792122
Arunachal-Pradesh,Nampong,792103
Arunachal-Pradesh,Nampong,792123
Arunachal-Pradesh,Namsai,792103
Arunachal-Pradesh,Namsang,792129
Arunachal-Pradesh,Namsang Mukh,792129
Arunachal-Pradesh,Namsing,791104
Arunachal-Pradesh,Namtok,792120
Arunachal-Pradesh,Nanam,792103
Arunachal-Pradesh,Nari,791102
Arunachal-Pradesh,Narottam Nagar,792129
Arunachal-Pradesh,New Mohang,792056
Arunachal-Pradesh,Nginu,792131
Arunachal-Pradesh,Ngopok,791104
Arunachal-Pradesh,Niausa,792131
Arunachal-Pradesh,Nikte,791001
Arunachal-Pradesh,Nirjuli,791109
Arunachal-Pradesh,Nyapin,791118
Arunachal-Pradesh,Old Ziro,791120
Arunachal-Pradesh,Oyan,791102
Arunachal-Pradesh,P Kessang,790102
Arunachal-Pradesh,Paglam,792110
Arunachal-Pradesh,Palin,791118
Arunachal-Pradesh,Palizi,790102
Arunachal-Pradesh,Panchou,792131
Arunachal-Pradesh,Pangin,791102
Arunachal-Pradesh,Parbuk,792110
Arunachal-Pradesh,Pasighat,791102
Arunachal-Pradesh,Payum,791001
Arunachal-Pradesh,Pessing,791001
Arunachal-Pradesh,Peyong,792103
Arunachal-Pradesh,Pipu dipu,790102
Arunachal-Pradesh,Podumani,792105
Arunachal-Pradesh,Raga,791120
Arunachal-Pradesh,Rahung,790001
Arunachal-Pradesh,Rajanagar,792056
Arunachal-Pradesh,Ram Krishna Mission,791113
Arunachal-Pradesh,Ranga Nadi Project,791119
Arunachal-Pradesh,Rangfrah Covt College,792120
Arunachal-Pradesh,Ranglum,792120
Arunachal-Pradesh,Rani,791102
Arunachal-Pradesh,Renging,791102
Arunachal-Pradesh,Riga,791102
Arunachal-Pradesh,Roing,792110
Arunachal-Pradesh,Ruksin,791102
Arunachal-Pradesh,Rumgong,791001
Arunachal-Pradesh,Rupa,790003
Arunachal-Pradesh,Saglee,791112
Arunachal-Pradesh,Sakpret,790104
Arunachal-Pradesh,Salari,790001
Arunachal-Pradesh,Sangram,791118
Arunachal-Pradesh,Sangti,790101
Arunachal-Pradesh,Santipur,792110
Arunachal-Pradesh,Sarli,791118
Arunachal-Pradesh,Seijosa,790103
Arunachal-Pradesh,Senewa,792131
Arunachal-Pradesh,Senge,790101
Arunachal-Pradesh,Seppa,790102
Arunachal-Pradesh,Shergaon,790003
Arunachal-Pradesh,Shimong,791002
Arunachal-Pradesh,Sille,791102
Arunachal-Pradesh,Silluk,791104
Arunachal-Pradesh,Singa,791105
Arunachal-Pradesh,Singchung,790116
Arunachal-Pradesh,Sippi,791122
Arunachal-Pradesh,Sirem,791104
Arunachal-Pradesh,Siyum,791122
Arunachal-Pradesh,Soha,792129
Arunachal-Pradesh,Sonajuli,791123
Arunachal-Pradesh,Suchana Nagar,791113
Arunachal-Pradesh,Sunpura,792111
Arunachal-Pradesh,Tabarijo,791122
Arunachal-Pradesh,Tafragram,792001
Arunachal-Pradesh,Taksing,791122
Arunachal-Pradesh,Tali,791118
Arunachal-Pradesh,Taliha,791122
Arunachal-Pradesh,Talo,791120
Arunachal-Pradesh,Tato,791001
Arunachal-Pradesh,Tawang,790104
Arunachal-Pradesh,Temple Gompa,790104
Arunachal-Pradesh,Tenga Market,790116
Arunachal-Pradesh,Tenzingaon,790002
Arunachal-Pradesh,Tezu Covt College,792001
Arunachal-Pradesh,Tezu,792001
Arunachal-Pradesh,Thingbu,790105
Arunachal-Pradesh,Thinsa,792130
Arunachal-Pradesh,Thrizino,790102
Arunachal-Pradesh,Tindolong,792001
Arunachal-Pradesh,Tippi,790114
Arunachal-Pradesh,Tirbin,791101
Arunachal-Pradesh,Tissa,792131
Arunachal-Pradesh,Tupi,792130
Arunachal-Pradesh,Tuting,791105
Arunachal-Pradesh,Two hat,792055
Arunachal-Pradesh,Udaipur,792103
Arunachal-Pradesh,Vally View,792130
Arunachal-Pradesh,Veo,790102
Arunachal-Pradesh,Vijoynagar,792055
Arunachal-Pradesh,Vijoypur,792056
Arunachal-Pradesh,Vivek Nagar,791001
Arunachal-Pradesh,Vivek Vihar,791113
Arunachal-Pradesh,Wakka,792131
Arunachal-Pradesh,Wakro,792102
Arunachal-Pradesh,Wallong,792104
Arunachal-Pradesh,Wingko,792103
Arunachal-Pradesh,Yachuli,791120
Arunachal-Pradesh,Yagrung,791102
Arunachal-Pradesh,Yangkang,792120
Arunachal-Pradesh,Yatong,792104
Arunachal-Pradesh,Yazali,791119
Arunachal-Pradesh,Yealing,792111
Arunachal-Pradesh,Yingkiong,791002
Arunachal-Pradesh,Yoji Yora,791001
Arunachal-Pradesh,Yomcha,791001
Arunachal-Pradesh,Yupia,791110
Arunachal-Pradesh,Zimithang,790106
Arunachal-Pradesh,Ziro,791120
